homo_node_label,x,y,z,fine_query_x,fine_query_y,fine_query_z,homo_u1,homo_u2,homo_u3,fine_u1,fine_u2,fine_u3,homo_umag,fine_umag,absolute_vector_error,mls_condition_number,mls_support_radius_normalized,pointwise_error_over_fine_peak
92728,-2.049999952316284,-2.049999952316284,4.550000190734863,-0.04999995231628418,-0.04999995231628418,0.5500001907348633,0.0058290660381317,0.0035264824982732,0.0002648925292305,0.0056156297884859905,0.0035101282645768946,0.00042648024865809853,0.006817936472245082,0.006636127165569409,0.0002682034390018728,49.34249828473496,0.07280109496289847,0.021199238887853723
92740,-2.049999952316284,-1.4500000476837158,4.550000190734863,-0.04999995231628418,0.5499999523162842,0.5500001907348633,0.0059304311871528,0.0021060185972601,-0.0004506019467953,0.005751708024848649,0.002100765167399297,-0.0003559968186337685,0.00630938749103395,0.006133685126132895,0.00020228617734229453,45.606329685136245,0.0734846789811944,0.01598903061477933
92751,-2.049999952316284,-0.8999999761581421,4.550000190734863,-0.04999995231628418,1.100000023841858,0.5500001907348633,0.0060109701007604,0.0011815133038908,-0.0006515511195175,0.005732614569087529,0.0011565247969628975,-0.0004704038435267588,0.00616054008191254,0.005867000867539515,0.00033304738865548567,45.911607462099674,0.07071065283055046,0.026324610822884356
92763,-2.049999952316284,-0.3000000119209289,4.550000190734863,-0.04999995231628418,1.699999988079071,0.5500001907348633,0.0060568689368665,0.0003733194025699,-0.0007248289184644,0.005828103950123962,0.00030218862279860024,-0.0005292931512557219,0.006111497824245358,0.0058598860788556,0.00030923654901720936,44.057842766303224,0.06708207486634102,0.024442563077744624
92775,-2.049999952316284,0.3000000119209289,4.550000190734863,-0.04999995231628418,2.300000011920929,0.5500001907348633,0.0060568689368665,-0.0003733194025699,-0.0007248289184644,0.005826711736364288,-0.0003035641200482762,-0.0005317122638412714,0.006111497824245358,0.0058587915789167,0.00030843504774184745,43.846227667397464,0.06708206953514165,0.024379211104822315
92787,-2.049999952316284,0.8999999761581421,4.550000190734863,-0.04999995231628418,2.899999976158142,0.5500001907348633,0.0060109701007604,-0.0011815133038908,-0.0006515511195175,0.005732614434074805,-0.0011565248790350357,-0.00047040391657197944,0.00616054008191254,0.005867000757654295,0.00033304745560916655,45.91160435388771,0.07071066968929796,0.0263246161150129
92798,-2.049999952316284,1.4500000476837158,4.550000190734863,-0.04999995231628418,3.450000047683716,0.5500001907348633,0.0059304311871528,-0.0021060185972601,-0.0004506019467953,0.005761332325502276,-0.002104943060124119,-0.00034393340376041246,0.00630938749103395,0.006143453885027898,0.0001999343889000077,44.64364091527304,0.07211103939562719,0.01580314140624691
92810,-2.049999952316284,2.049999952316284,4.550000190734863,-0.04999995231628418,4.049999952316284,0.5500001907348633,0.0058290660381317,-0.0035264824982732,0.0002648925292305,0.005618448687003809,-0.0035088786609562875,0.0004291736147236328,0.006817936472245082,0.0066380256927330555,0.00026768981813885223,48.85916146951085,0.07280109496289851,0.0211586414540047
93940,-2.049999952316284,-2.049999952316284,3.950000047683716,-0.04999995231628418,-0.04999995231628418,-0.04999995231628418,0.0087463576346635,0.0052467100322246,0.0023446965496987,0.008701069880072302,0.005431400220500072,0.002410459685332381,0.010465387711205532,0.010536557374577446,0.000201211919054304,50.238186558895684,0.06999999795641401,0.01590411948105517
93952,-2.049999952316284,-1.4500000476837158,3.950000047683716,-0.04999995231628418,0.5499999523162842,-0.04999995231628418,0.00873195938766,0.003554472932592,0.0006446073530241,0.008559498410487722,0.0036479045922866065,0.0007552459403326704,0.009449704292508073,0.00933502101679244,0.00022519582740837348,45.812006065808916,0.07348467573671995,0.01779984686081766
93963,-2.049999952316284,-0.8999999761581421,3.950000047683716,-0.04999995231628418,1.100000023841858,-0.04999995231628418,0.0087799485772848,0.0021100107114762,0.0001724284520605,0.008579947718553367,0.0021317747155633914,0.0003179126433208251,0.00903157648439018,0.008846526704860374,0.0002482733680318714,46.42445975878594,0.07071067116442663,0.01962393345136382
93975,-2.049999952316284,-0.3000000119209289,3.950000047683716,-0.04999995231628418,1.699999988079071,-0.04999995231628418,0.0088220695033669,0.0006834474625065,9.864192179520614e-06,0.008604084585357209,0.0006400692722438715,0.00017551226653064508,0.008848508804229684,0.008629644533870155,0.00027719736002781216,43.93524326415903,0.0678232876595607,0.02191013312946726
93987,-2.049999952316284,0.3000000119209289,3.950000047683716,-0.04999995231628418,2.300000011920929,-0.04999995231628418,0.0088220695033669,-0.0006834474625065,9.864192179520614e-06,0.00860408445516303,-0.0006400696174135716,0.00017551227906851947,0.008848508804229684,0.008629644429918181,0.00027719741588863155,43.93524513354132,0.06782328414427316,0.021910137544797873
93999,-2.049999952316284,0.8999999761581421,3.950000047683716,-0.04999995231628418,2.899999976158142,-0.04999995231628418,0.0087799485772848,-0.0021100107114762,0.0001724284520605,0.008579947732983631,-0.0021317748849642875,0.00031791242095443944,0.00903157648439018,0.008846526751685803,0.0002482732409542618,46.42447307933031,0.07071065767743326,0.01962392340694152
94010,-2.049999952316284,1.4500000476837158,3.950000047683716,-0.04999995231628418,3.450000047683716,-0.04999995231628418,0.00873195938766,-0.003554472932592,0.0006446073530241,0.00856653316736692,-0.003650927721705325,0.0007603233139879236,0.009449704292508073,0.009343064554979139,0.000223739903292041,45.13589972899122,0.07071069497739416,0.017684768235205765
94022,-2.049999952316284,2.049999952316284,3.950000047683716,-0.04999995231628418,4.049999952316284,-0.04999995231628418,0.0087463576346635,-0.0052467100322246,0.0023446965496987,0.00870169375106904,-0.00542980184361966,0.0024151685070700583,0.010465387711205532,0.01053732703848146,0.00020120579184858067,49.37151514375137,0.07071068991977318,0.0159036351766841
95051,-2.049999952316284,-2.049999952316284,3.400000095367432,-0.04999995231628418,-0.04999995231628418,-0.5999999046325679,0.0096173342317342,0.0057947603054344,0.0040223491378128,0.009668023038076927,0.00607170591788907,0.004030624790994429,0.011926929919672874,0.012107114372297563,0.000281667736494482,48.9248931872994,0.07211101625172552,0.02226347900373441
95063,-2.049999952316284,-1.4500000476837158,3.400000095367432,-0.04999995231628418,0.5499999523162842,-0.5999999046325679,0.0094920685514807,0.0040545128285884,0.0015969298547133,0.009385592894209281,0.004224958701104056,0.0016875846004813981,0.010444549996245481,0.010430128080980051,0.00022047027912914374,45.188719865822335,0.07348468547012162,0.017426331788750377
95074,-2.049999952316284,-0.8999999761581421,3.400000095367432,-0.04999995231628418,1.100000023841858,-0.5999999046325679,0.0094515150412917,0.0024774111807346,0.0008429714944213,0.00933093794767259,0.0025494515132148863,0.0009336492657721942,0.009807104754951836,0.009717911655959165,0.00016718583440790264,46.11071520934962,0.07071068654802896,0.013214642047350983
95086,-2.049999952316284,-0.3000000119209289,3.400000095367432,-0.04999995231628418,1.699999988079071,-0.5999999046325679,0.0094504281878471,0.0008155902614817,0.0005801084334962,0.00930089594752258,0.0007807001746723127,0.0007389533658984724,0.009503278708050828,0.009362809955688943,0.00022092741252257276,43.37032871070015,0.06999997752053641,0.01746246436052866
95098,-2.049999952316284,0.3000000119209289,3.400000095367432,-0.04999995231628418,2.300000011920929,-0.5999999046325679,0.0094504281878471,-0.0008155902614817,0.0005801084334962,0.009301010551492867,-0.000781005165785685,0.0007394273342779574,0.009503278708050828,0.009362986656545174,0.00022114310082906846,43.586622970814936,0.06999998262950433,0.017479512717372015
95110,-2.049999952316284,0.8999999761581421,3.400000095367432,-0.04999995231628418,2.899999976158142,-0.5999999046325679,0.0094515150412917,-0.0024774111807346,0.0008429714944213,0.009330546478361646,-0.0025503049129508657,0.0009430701393179752,0.009807104754951836,0.009718669354472425,0.00017310871764278588,45.052810770567184,0.07280108841303025,0.013682796434440243
95121,-2.049999952316284,1.4500000476837158,3.400000095367432,-0.04999995231628418,3.450000047683716,-0.5999999046325679,0.0094920685514807,-0.0040545128285884,0.0015969298547133,0.009390716775450501,-0.0042284641548092725,0.0017092853657991606,0.010444549996245481,0.01043968999189964,0.00023055369715066626,43.07939651949901,0.07348466600332482,0.018223341656483105
95133,-2.049999952316284,2.049999952316284,3.400000095367432,-0.04999995231628418,4.049999952316284,-0.5999999046325679,0.0096173342317342,-0.0057947603054344,0.0040223491378128,0.009669327858657203,-0.006070382328740085,0.0040337985012888445,0.011926929919672874,0.012108549591271629,0.0002807168055099912,48.44766160623473,0.07211102286426829,0.022188315861974915
96263,-2.049999952316284,-2.049999952316284,2.799999952316284,-0.04999995231628418,-0.04999995231628418,-1.2000000476837158,0.0096550462767481,0.0058906702324748,0.0052126697264611,0.009738700913354105,0.006196149670912193,0.005177074565104037,0.012453587437805867,0.012650559959019859,0.0003187205689091044,49.99046428982252,0.07141430298118558,0.025192195536051898
96275,-2.049999952316284,-1.4500000476837158,2.799999952316284,-0.04999995231628418,0.5499999523162842,-1.2000000476837158,0.0094592468813061,0.0041020954959094,0.0023071181494742,0.009401625684414354,0.004298945705749074,0.0023477619165558146,0.010565383721128762,0.010601107758515046,0.00020909835783129791,46.254564942082986,0.07280108350063193,0.016527476512680554
96286,-2.049999952316284,-0.8999999761581421,2.799999952316284,-0.04999995231628418,1.100000023841858,-1.2000000476837158,0.0093282908201217,0.0025221230462193,0.0013161817332729,0.00925365643860409,0.0026210430314388047,0.0013681130190600183,0.009752458594633383,0.009714512714969,0.00013435889558881663,46.06381061007031,0.07071067474690701,0.01061994706292946
96298,-2.049999952316284,-0.3000000119209289,2.799999952316284,-0.04999995231628418,1.699999988079071,-1.2000000476837158,0.0092715816572308,0.0008350635762326,0.0009617845062166,0.009173326664276048,0.0008018197930381251,0.001101380891372012,0.009358663742193504,0.00927393535333868,0.0001739147593221396,43.846239228379986,0.0670820553185984,0.013746507288327044
96310,-2.049999952316284,0.3000000119209289,2.799999952316284,-0.04999995231628418,2.300000011920929,-1.2000000476837158,0.0092715816572308,-0.0008350635762326,0.0009617845062166,0.00917332662416893,-0.0008018201985466921,0.0011013809671490365,0.009358663742193504,0.00927393535772609,0.00017391476529270952,43.84624110699174,0.06708205176446476,0.013746507760250666
96322,-2.049999952316284,0.8999999761581421,2.799999952316284,-0.04999995231628418,2.899999976158142,-1.2000000476837158,0.0093282908201217,-0.0025221230462193,0.0013161817332729,0.009253656714409976,-0.0026210432694102966,0.0013681128807574408,0.009752458594633383,0.009714513022419614,0.00013435886413112595,46.063816596168024,0.07071067474690704,0.01061994457646209
96333,-2.049999952316284,1.4500000476837158,2.799999952316284,-0.04999995231628418,3.450000047683716,-1.2000000476837158,0.0094592468813061,-0.0041020954959094,0.0023071181494742,0.009407229199511062,-0.004302478286009305,0.002361250588443892,0.010565383721128762,0.010610503520339726,0.0002139846320097772,45.07445629677553,0.07141429463486662,0.016913695622944872
96345,-2.049999952316284,2.049999952316284,2.799999952316284,-0.04999995231628418,4.049999952316284,-1.2000000476837158,0.0096550462767481,-0.0058906702324748,0.0052126697264611,0.009740111866670485,-0.006194418498973436,0.005178934856836053,0.012453587437805867,0.012651559823477538,0.0003172336763623757,49.514972248248824,0.07141432802014865,0.025074669115003844
97475,-2.049999952316284,-2.049999952316284,2.200000047683716,-0.04999995231628418,-0.04999995231628418,-1.7999999523162842,0.0091780107468366,0.0057046636939048,0.0055788536556065,0.009244891065435322,0.005995197976625459,0.005537861230778431,0.012161524462018637,0.012332003754542837,0.0003009377433044236,49.1173771585346,0.07348470331468301,0.023786611888438648
97487,-2.049999952316284,-1.4500000476837158,2.200000047683716,-0.04999995231628418,0.5499999523162842,-1.7999999523162842,0.0089414222165942,0.0038701298180967,0.0025111536961048,0.008894620906237164,0.0040548915241213675,0.0025320854685954223,0.010061452626225815,0.010097914792586371,0.0001917430305483889,45.56219257409806,0.07348470331468301,0.015155683032266961
97498,-2.049999952316284,-0.8999999761581421,2.200000047683716,-0.04999995231628418,1.100000023841858,-1.7999999523162842,0.0087450044229626,0.0023495233617722,0.0014477194054052,0.008672968450578182,0.002451635645902636,0.0014941501447029958,0.009170128344899844,0.009135829668940908,0.0001333113402507203,44.686288324118905,0.0728010982378216,0.010537146574079668
97510,-2.049999952316284,-0.3000000119209289,2.200000047683716,-0.04999995231628418,1.699999988079071,-1.7999999523162842,0.0086433626711368,0.0007738505955785,0.0010775848058983,0.00856565550454694,0.0007375872102107008,0.0012183498842459311,0.008744584153805208,0.008683252014981702,0.00016482792281641008,43.62237141191684,0.07071067474690697,0.013028268855081284
97522,-2.049999952316284,0.3000000119209289,2.200000047683716,-0.04999995231628418,2.300000011920929,-1.7999999523162842,0.0086433626711368,-0.0007738505955785,0.0010775848058983,0.008565655456431788,-0.0007375877057521287,0.0012183499672254754,0.008744584153805208,0.008683252021254173,0.000164827907343496,43.62237163563568,0.07071067474690697,0.013028267632076826
97534,-2.049999952316284,0.8999999761581421,2.200000047683716,-0.04999995231628418,2.899999976158142,-1.7999999523162842,0.0087450044229626,-0.0023495233617722,0.0014477194054052,0.008672698453611141,-0.0024524673350553605,0.0014941515467158679,0.009170128344899844,0.009135796809328458,0.0001340953339451897,44.45064647700605,0.07280111461247522,0.010599114719147009
97545,-2.049999952316284,1.4500000476837158,2.200000047683716,-0.04999995231628418,3.450000047683716,-1.7999999523162842,0.0089414222165942,-0.0038701298180967,0.0025111536961048,0.008898722084795977,-0.004060432769756182,0.0025482773874979676,0.010061452626225815,0.010107823042761432,0.0001985363521588722,43.91199532863182,0.07280109168795854,0.015692638293536558
97557,-2.049999952316284,2.049999952316284,2.200000047683716,-0.04999995231628418,4.049999952316284,-1.7999999523162842,0.0091780107468366,-0.0057046636939048,0.0055788536556065,0.0092467037101538,-0.0059933031749941895,0.0055409181753415014,0.012161524462018637,0.012333814765780994,0.000299116321714122,48.62940093741008,0.07348472764818416,0.023642643744137458
98687,-2.049999952316284,-2.049999952316284,1.600000023841858,-0.04999995231628418,-0.04999995231628418,-2.399999976158142,0.0083120353519916,0.0053005390800535,0.004948535002768,0.008305876745893016,0.005530097181843565,0.004868766994171964,0.011030577723109185,0.011102903016875307,0.0002431003614187204,50.238179517703564,0.07000001328332203,0.01921505054006055
98699,-2.049999952316284,-1.4500000476837158,1.600000023841858,-0.04999995231628418,0.5499999523162842,-2.399999976158142,0.0080402139574289,0.0034416492562741,0.0020596119575202,0.007961690168625636,0.003578404047075715,0.002076811108731195,0.008985098302189395,0.008972548704056572,0.00015863060555136122,45.81982183347113,0.07348467573672,0.012538422752978642
98710,-2.049999952316284,-0.8999999761581421,1.600000023841858,-0.04999995231628418,1.100000023841858,-2.399999976158142,0.007806381676346,0.0020393717568367,0.0011463118717074,0.007681314997738242,0.0021216882310568894,0.0011664442146957952,0.008149396477444885,0.008053865727107761,0.00015107278795409144,46.16867727765727,0.07071065788816872,0.011941040477376173
98722,-2.049999952316284,-0.3000000119209289,1.600000023841858,-0.04999995231628418,1.699999988079071,-2.399999976158142,0.0076818955130875,0.0006649310234934,0.0008657651487737,0.007577788003085601,0.000613547454790175,0.0009900419385923324,0.007759072188917241,0.007666778628547926,0.00017006870746583318,44.047516078379495,0.06782328963691128,0.013442509053329232
98734,-2.049999952316284,0.3000000119209289,1.600000023841858,-0.04999995231628418,2.300000011920929,-2.399999976158142,0.0076818955130875,-0.0006649310234934,0.0008657651487737,0.00757778797818156,-0.0006135481138865518,0.0009900420440818864,0.007759072188917241,0.0076667786703006205,0.00017006860066249427,44.047517953851305,0.06782328612162385,0.01344250061141848
98746,-2.049999952316284,0.8999999761581421,1.600000023841858,-0.04999995231628418,2.899999976158142,-2.399999976158142,0.007806381676346,-0.0020393717568367,0.0011463118717074,0.007681315135516659,-0.0021216885933610656,0.0011664440412167045,0.008149396477444885,0.008053865928832298,0.00015107284818771321,46.16868336574175,0.07071065788816874,0.011941045238340246
98757,-2.049999952316284,1.4500000476837158,1.600000023841858,-0.04999995231628418,3.450000047683716,-2.399999976158142,0.0080402139574289,-0.0034416492562741,0.0020596119575202,0.007966715147302605,-0.003582749129757477,0.0020798244004185343,0.008985098302189395,0.008979438239757264,0.00016037391382305412,45.13590627927198,0.070710686548029,0.012676216692699645
98769,-2.049999952316284,2.049999952316284,1.600000023841858,-0.04999995231628418,4.049999952316284,-2.399999976158142,0.0083120353519916,-0.0053005390800535,0.004948535002768,0.008307798232688278,-0.005528813954752277,0.004873499667407313,0.011030577723109185,0.011105777515759137,0.00024032826124162642,49.37152855984305,0.07071066463166673,0.018995939203927135
99798,-2.049999952316284,-2.049999952316284,1.0499999523162842,-0.04999995231628418,-0.04999995231628418,-2.950000047683716,0.0069193965755403,0.0045588407665491,0.0032800026237964,0.006796529949252266,0.004676998029851951,0.003216970652703292,0.008911761628121575,0.008855282609983505,0.0001817426094962459,50.238184274529274,0.07000000306538572,0.014365233380866255
99810,-2.049999952316284,-1.4500000476837158,1.0499999523162842,-0.04999995231628418,0.5499999523162842,-2.950000047683716,0.0066280579194426,0.0027806044090539,0.0009802427375689,0.006515277549257414,0.0028294966639059466,0.0010620744788085866,0.007254225560850195,0.007182123301186711,0.00014766955799332555,45.81200664908081,0.07348467573672002,0.01167204360993454
99821,-2.049999952316284,-0.8999999761581421,1.0499999523162842,-0.04999995231628418,1.100000023841858,-2.950000047683716,0.0064118048176169,0.0016171031165868,0.0003928273799829,0.006201538925587073,0.0016630806114555905,0.00044635830358889827,0.006624241606354214,0.006436160182978196,0.00022179097179015144,46.42446465504341,0.07071066294579509,0.01753072149874937
99833,-2.049999952316284,-0.3000000119209289,1.0499999523162842,-0.04999995231628418,1.699999988079071,-2.950000047683716,0.0063063758425414,0.0005262220511212,0.0002368891291553,0.006165539096821474,0.00044873151307060294,0.0003813654782971725,0.006332724719580657,0.006193599272902116,0.00021613233884292825,43.935243393457306,0.06782328787927178,0.0170834538869943
99845,-2.049999952316284,0.3000000119209289,1.0499999523162842,-0.04999995231628418,2.300000011920929,-2.950000047683716,0.0063063758425414,-0.0005262220511212,0.0002368891291553,0.006165539130061979,-0.0004487323536463448,0.0003813655240006048,0.006332724719580657,0.006193599369706654,0.00021613204636113564,43.93524408452828,0.06782328787927178,0.0170834307687546
99857,-2.049999952316284,0.8999999761581421,1.0499999523162842,-0.04999995231628418,2.899999976158142,-2.950000047683716,0.0064118048176169,-0.0016171031165868,0.0003928273799829,0.006201539028721642,-0.001663080994342111,0.0004463580874467885,0.006624241606354214,0.006436160366299838,0.00022179090122052288,46.42447797559616,0.07071064945880015,0.0175307159208104
99868,-2.049999952316284,1.4500000476837158,1.0499999523162842,-0.04999995231628418,3.450000047683716,-2.950000047683716,0.0066280579194426,-0.0027806044090539,0.0009802427375689,0.006520509912343265,-0.0028344431801557834,0.0010666319962905888,0.007254225560850195,0.007189493825994237,0.00014808204187977174,45.13590552613333,0.07071068654802498,0.011704647011586307
99880,-2.049999952316284,2.049999952316284,1.0499999523162842,-0.04999995231628418,4.049999952316284,-2.950000047683716,0.0069193965755403,-0.0045588407665491,0.0032800026237964,0.006798847235866301,-0.004675550667840292,0.003221990255337623,0.008911761628121575,0.008858121640036291,0.00017753529015222295,49.371519688383714,0.07071068149040337,0.014032679972217353
101010,-2.049999952316284,-2.049999952316284,0.449999988079071,-0.04999995231628418,-0.04999995231628418,-3.550000011920929,0.0037576169706881,0.0026076268404722,0.0003104850766249,0.0035517653896087664,0.002558394238975313,0.00046516706304078125,0.00458429973064164,0.004401908547594187,0.00026215499118760943,50.195777071835515,0.07000000306538268,0.020721159670851624
101022,-2.049999952316284,-1.4500000476837158,0.449999988079071,-0.04999995231628418,0.5499999523162842,-3.550000011920929,0.0035527825821191,0.0014244519406929,-0.0006705935229547,0.003568260167214634,0.0012925852109696523,-0.0005149727457953045,0.003886003484324406,0.003829941785126769,0.00020456347751245286,45.83506647290723,0.07280109005049154,0.016169032148339826
101033,-2.049999952316284,-0.8999999761581421,0.449999988079071,-0.04999995231628418,1.100000023841858,-3.550000011920929,0.0034420103766024,0.0008057497907429,-0.0008852400933392,0.0032512818968201984,0.0008013977527599878,-0.0006860678056747723,0.0036442170874930076,0.0034181517468806007,0.00027580045940519383,46.68996888416863,0.07000000306538269,0.021799719817424415
101045,-2.049999952316284,-0.3000000119209289,0.449999988079071,-0.04999995231628418,1.699999988079071,-3.550000011920929,0.0033922060392796,0.0002591379452496,-0.0009449712233617,0.003335661141687772,0.00010274321350292834,-0.0007216200815853174,0.0035308901003252543,0.003414370653902982,0.0002784643066796847,45.82216026118712,0.06708203399379517,0.02201027466691796
101057,-2.049999952316284,0.3000000119209289,0.449999988079071,-0.04999995231628418,2.300000011920929,-3.550000011920929,0.0033922060392796,-0.0002591379452496,-0.0009449712233617,0.0033349447328226613,-0.00010389098266437645,-0.0007230088592211949,0.0035308901003252543,0.003413999343551916,0.0002768533324775691,45.49888168245867,0.06708203399379434,0.021882940628697146
101069,-2.049999952316284,0.8999999761581421,0.449999988079071,-0.04999995231628418,2.899999976158142,-3.550000011920929,0.0034420103766024,-0.0008057497907429,-0.0008852400933392,0.0032512819433765583,-0.0008013979749072744,-0.0006860679160291662,0.0036442170874930076,0.003418151865396933,0.00027580034401042923,46.689972938368534,0.07000000817435499,0.021799710696433314
101080,-2.049999952316284,1.4500000476837158,0.449999988079071,-0.04999995231628418,3.450000047683716,-3.550000011920929,0.0035527825821191,-0.0014244519406929,-0.0006705935229547,0.0035740347912731974,-0.0012965314866990232,-0.0005084496274656936,0.003886003484324406,0.00383578409310316,0.00020761970472062355,45.45285013256327,0.07000000476837669,0.016410601350146804
101092,-2.049999952316284,2.049999952316284,0.449999988079071,-0.04999995231628418,4.049999952316284,-3.550000011920929,0.0037576169706881,-0.0026076268404722,0.0003104850766249,0.003555707732963007,-0.00255618855541859,0.0004705870841385261,0.00458429973064164,0.004404385271165989,0.0002627658468254154,49.327573526202734,0.07071067306103458,0.0207694427004803
215140,-1.4500000476837158,-2.049999952316284,4.550000190734863,0.5499999523162842,-0.04999995231628418,0.5500001907348633,0.0034757554531097,0.0036112370435148,-0.0009351223707199,0.0033343984582001,0.0035717536128367605,-0.0008375510861949689,0.0050986628445599475,0.004957532528470794,0.00017624101926573538,45.60632968513625,0.0734846789811944,0.01393037868253086
215152,-1.4500000476837158,-1.4500000476837158,4.550000190734863,0.5499999523162842,0.5499999523162842,0.5500001907348633,0.003534318646416,0.0021166480146348,-0.0016606515273451,0.0034159375787055544,0.0020807602388057634,-0.0018619595557453625,0.004441775614271265,0.004411925441373556,0.00023627723534996165,41.70086931177975,0.06999997581754948,0.018675739485616728
215163,-1.4500000476837158,-0.8999999761581421,4.550000190734863,0.5499999523162842,1.100000023841858,0.5500001907348633,0.0035728709772229,0.0011802123626694,-0.0018648777622729,0.0034452582276639373,0.001215166066718211,-0.0016914035196847592,0.004199532987023603,0.00402582646066512,0.00021817444423731101,43.39629818852517,0.07348470331468882,0.01724486524044601
215175,-1.4500000476837158,-0.3000000119209289,4.550000190734863,0.5499999523162842,1.699999988079071,0.5500001907348633,0.0035935929045081,0.0003719112137332,-0.0019445979269221,0.003442060252641854,0.0003283250930907067,-0.001959244007831991,0.004102887886796468,0.003974193406440543,0.0001583553036064722,43.82320316739675,0.07071067643279244,0.012516662436564683
215187,-1.4500000476837158,0.3000000119209289,4.550000190734863,0.5499999523162842,2.300000011920929,0.5500001907348633,0.0035935929045081,-0.0003719112137332,-0.0019445979269221,0.0034450235253352256,-0.0003281525431108202,-0.001957418304337227,0.004102887886796468,0.003975846777708828,0.00015540927822854577,42.38298996788756,0.07000002350126872,0.012283803767828873
215199,-1.4500000476837158,0.8999999761581421,4.550000190734863,0.5499999523162842,2.899999976158142,0.5500001907348633,0.0035728709772229,-0.0011802123626694,-0.0018648777622729,0.0034485664828310474,-0.001217135298917021,-0.001683983416089289,0.004199532987023603,0.004026143224978376,0.0002225706068382708,43.4139760272779,0.07348472440371123,0.01759234512927377
215210,-1.4500000476837158,1.4500000476837158,4.550000190734863,0.5499999523162842,3.450000047683716,0.5500001907348633,0.003534318646416,-0.0021166480146348,-0.0016606515273451,0.0034159373193159695,-0.0020807603678729787,-0.0018619596510344545,0.004441775614271265,0.004411925341626579,0.0002362774268934595,41.70087183060517,0.06999997070858183,0.018675754625528368
215222,-1.4500000476837158,2.049999952316284,4.550000190734863,0.5499999523162842,4.049999952316284,0.5500001907348633,0.0034757554531097,-0.0036112370435148,-0.0009351223707199,0.0033299009415750755,-0.003573532891959296,-0.0008457875909353547,0.0050986628445599475,0.004957190157700003,0.00017514520963668277,45.411504880159576,0.07348471467032251,0.01384376409552799
216352,-1.4500000476837158,-2.049999952316284,3.950000047683716,0.5499999523162842,-0.04999995231628418,-0.04999995231628418,0.0058814547955989,0.0050896778702735,-0.0004454808949958,0.00579259145445703,0.0050856839272672965,-0.00030446020877706237,0.007790685756955631,0.007714336833781766,0.0001667317573866382,45.812006065808916,0.07348467573671995,0.0131787510562321
216364,-1.4500000476837158,-1.4500000476837158,3.950000047683716,0.5499999523162842,0.5499999523162842,-0.04999995231628418,0.0059210527688264,0.0034761754795908,-0.0022085483651608,0.0058460956916826625,0.0035060124210872395,-0.002444270436941712,0.007212513274676834,0.007241782646699349,0.0002491459444110613,43.00164326391581,0.06708203399379403,0.019692903316847966
216375,-1.4500000476837158,-0.8999999761581421,3.950000047683716,0.5499999523162842,1.100000023841858,-0.04999995231628418,0.0059472280554473,0.0020739596802741,-0.0026929448358714,0.0058551972817065525,0.0020891500847720393,-0.0024855135995603705,0.006850020597629511,0.0066951968707429635,0.0002274381883098215,44.341821841888596,0.07348468364510685,0.017977086737381093
216387,-1.4500000476837158,-0.3000000119209289,3.950000047683716,0.5499999523162842,1.699999988079071,-0.04999995231628418,0.005964012350887,0.000672924274113,-0.0028679526876658,0.005833870135353407,0.0007016980848846376,-0.0028685216766386043,0.006651873647245014,0.006538718342905182,0.00013328635413561825,43.70132601957157,0.07071068127966994,0.010535171630637857
216399,-1.4500000476837158,0.3000000119209289,3.950000047683716,0.5499999523162842,2.300000011920929,-0.04999995231628418,0.005964012350887,-0.000672924274113,-0.0028679526876658,0.005835186410745179,-0.0007014598624653865,-0.0028674869412147197,0.006651873647245014,0.006539413409842822,0.00013194930684091384,42.70593472944012,0.06999999284744356,0.010429489223617716
216411,-1.4500000476837158,0.8999999761581421,3.950000047683716,0.5499999523162842,2.899999976158142,-0.04999995231628418,0.0059472280554473,-0.0020739596802741,-0.0026929448358714,0.005858596369911604,-0.002089382663710647,-0.0024731176415376554,0.006850020597629511,0.006693652381909355,0.00023752355560581454,43.77161307137603,0.07348470007021676,0.018774250678959076
216422,-1.4500000476837158,1.4500000476837158,3.950000047683716,0.5499999523162842,3.450000047683716,-0.04999995231628418,0.0059210527688264,-0.0034761754795908,-0.0022085483651608,0.005846095510934822,-0.003506012512116776,-0.002444270455308757,0.007212513274676834,0.0072417825510565385,0.0002491460270690709,43.00164146536222,0.06708203399379298,0.019692909850272364
216434,-1.4500000476837158,2.049999952316284,3.950000047683716,0.5499999523162842,4.049999952316284,-0.04999995231628418,0.0058814547955989,-0.0050896778702735,-0.0004454808949958,0.00579087220844449,-0.005084827203877188,-0.00031109075552763186,0.007790685756955631,0.007712745690478782,0.00016214019750311224,45.28521142372757,0.0734846757367238,0.0128158266463103
217463,-1.4500000476837158,-2.049999952316284,3.400000095367432,0.5499999523162842,-0.04999995231628418,-0.5999999046325679,0.0067001255229115,0.005387544631958,5.825361586175859e-05,0.006698372305423419,0.005444518891138198,0.00019946539670600012,0.008597715549369526,0.008634278426279016,0.00015228232671552847,45.18871986582234,0.07348468547012162,0.012036644401185828
217475,-1.4500000476837158,-1.4500000476837158,3.400000095367432,0.5499999523162842,0.5499999523162842,-0.5999999046325679,0.0067019332200288,0.0038611879572272,-0.0024795762728899,0.006677107872099817,0.003942781706919722,-0.0027222248500833276,0.008122375257265606,0.008218260476432305,0.00025720064133410644,44.526520615994414,0.0670820553185993,0.020329559747788446
217486,-1.4500000476837158,-0.8999999761581421,3.400000095367432,0.5499999523162842,1.100000023841858,-0.5999999046325679,0.006678438745439,0.0023938219528645,-0.0032636886462569,0.0066536077501663515,0.002412736160858419,-0.0030745364516907426,0.007809199139367816,0.007716512571606597,0.00019171040216811627,43.27381276057992,0.0734846952035181,0.015153104031675106
217498,-1.4500000476837158,-0.3000000119209289,3.400000095367432,0.5499999523162842,1.699999988079071,-0.5999999046325679,0.0066665513440966,0.0007930060965009,-0.0035463275853544,0.006586957974248204,0.0008551623416230061,-0.0035535846357151726,0.0075926414926038325,0.007533079167792748,0.00010124805238344923,43.40506854990928,0.07071069329152221,0.008002811811043483
217510,-1.4500000476837158,0.3000000119209289,3.400000095367432,0.5499999523162842,2.300000011920929,-0.5999999046325679,0.0066665513440966,-0.0007930060965009,-0.0035463275853544,0.006586872019101702,-0.0008548033826252427,-0.0035561305407866323,0.0075926414926038325,0.0075341646014729395,0.00010131040094276016,42.73785045031601,0.07000000306538554,0.008007739943240685
217522,-1.4500000476837158,0.8999999761581421,3.400000095367432,0.5499999523162842,2.899999976158142,-0.5999999046325679,0.006678438745439,-0.0023938219528645,-0.0032636886462569,0.006655030595721963,-0.0024132556773732885,-0.003065130960577228,0.007809199139367816,0.007714159902404079,0.00020087500009689107,43.37762605062218,0.07348470493691325,0.01587748885509965
217533,-1.4500000476837158,1.4500000476837158,3.400000095367432,0.5499999523162842,3.450000047683716,-0.5999999046325679,0.0067019332200288,-0.0038611879572272,-0.0024795762728899,0.0066771078242953115,-0.003942781840494462,-0.0027222248560819858,0.008122375257265606,0.008218260503663118,0.00025720069398250516,44.52652058271844,0.06708205531859825,0.020329563909204068
217545,-1.4500000476837158,2.049999952316284,3.400000095367432,0.5499999523162842,4.049999952316284,-0.5999999046325679,0.0067001255229115,-0.005387544631958,5.825361586175859e-05,0.006697457689778533,-0.005443287695886472,0.00019667225715129841,0.008597715549369526,0.008632728446053175,0.00014924519009402418,44.45126799076507,0.0734846952035181,0.011796584150601686
218675,-1.4500000476837158,-2.049999952316284,2.799999952316284,0.5499999523162842,-0.04999995231628418,-1.2000000476837158,0.0067290388979017,0.0052869515493512,0.0004659749392885,0.006763458811041353,0.005385124194135212,0.0005636881433497968,0.008570236508913047,0.008663814517743697,0.00014272515143573595,46.25456494208299,0.07280108350063193,0.011281229621258278
218687,-1.4500000476837158,-1.4500000476837158,2.799999952316284,0.5499999523162842,0.5499999523162842,-1.2000000476837158,0.0067036235705018,0.00380514934659,-0.0025762340519577,0.0067079783412950615,0.003914462979365684,-0.0028371803997548914,0.008127405023456626,0.008268590355366593,0.00028295128691697383,41.700875132647134,0.069999979223526,0.02236493293039648
218698,-1.4500000476837158,-0.8999999761581421,2.799999952316284,0.5499999523162842,1.100000023841858,-1.2000000476837158,0.0066225724294781,0.0023918529041111,-0.0036127513740211,0.006634785955089166,0.0024215780831146876,-0.003466385113628997,0.007914000150940074,0.007867671246211206,0.0001498527232178862,44.093464285067114,0.07280109823782159,0.01184460456328903
218710,-1.4500000476837158,-0.3000000119209289,2.799999952316284,0.5499999523162842,1.699999988079071,-1.2000000476837158,0.006571639329195,0.0008002648246474,-0.0039937691763043,0.006527006065329971,0.0008746102816846977,-0.004031562056891851,0.00773156255204527,0.0077214146333591535,9.459216166488076e-05,43.662583877314226,0.07071067980452908,0.007476719312455513
218722,-1.4500000476837158,0.3000000119209289,2.799999952316284,0.5499999523162842,2.300000011920929,-1.2000000476837158,0.006571639329195,-0.0008002648246474,-0.0039937691763043,0.006528062414024579,-0.000874105671164262,-0.004029233666540478,0.00773156255204527,0.007721035134316198,9.278549572971452e-05,42.38299868740536,0.07000000306538544,0.007333917479292332
218734,-1.4500000476837158,0.8999999761581421,2.799999952316284,0.5499999523162842,2.899999976158142,-1.2000000476837158,0.0066225724294781,-0.0023918529041111,-0.0036127513740211,0.006636718700256091,-0.002421644598418561,-0.0034509617053403675,0.007914000150940074,0.007862539943243811,0.00016511680386458144,43.46710760579981,0.07348470007021483,0.013051102486048691
218745,-1.4500000476837158,1.4500000476837158,2.799999952316284,0.5499999523162842,3.450000047683716,-1.2000000476837158,0.0067036235705018,-0.00380514934659,-0.0025762340519577,0.006707978380340698,-0.003914463032739921,-0.002837180415993848,0.008127405023456626,0.008268590417882884,0.00028295132311424546,41.70087765147477,0.06999997411455859,0.022364935791488086
218757,-1.4500000476837158,2.049999952316284,2.799999952316284,0.5499999523162842,4.049999952316284,-1.2000000476837158,0.0067290388979017,-0.0052869515493512,0.0004659749392885,0.00676126692880134,-0.005384168097232502,0.0005589641929766707,0.008570236508913047,0.008661203008288688,0.00013833547794802578,46.01344707021797,0.07280109823782165,0.010934262642564928
219887,-1.4500000476837158,-2.049999952316284,2.200000047683716,0.5499999523162842,-0.04999995231628418,-1.7999999523162842,0.0062595722265541,0.0049832337535917,0.0005720586050301,0.006286092766023357,0.005090453869961135,0.0006542280132844976,0.008021353635763234,0.008115152318879767,0.00013766373531505532,45.5621925740981,0.07348470331468301,0.01088116700516187
219899,-1.4500000476837158,-1.4500000476837158,2.200000047683716,0.5499999523162842,0.5499999523162842,-1.7999999523162842,0.0062150177545845,0.0035073298495262,-0.002632139949128,0.006225645048275089,0.0036193152081886323,-0.002912129316133442,0.007606311134510183,0.007767792221553141,0.0003017411234188138,43.04361764460016,0.07000002861023161,0.023850112367873558
219910,-1.4500000476837158,-0.8999999761581421,2.200000047683716,0.5499999523162842,1.100000023841858,-1.7999999523162842,0.0060881110839545,0.0021882494911551,-0.0037450657691806,0.006112445149963161,0.0022244362514547422,-0.0035983019230017422,0.007475229094924012,0.007433564358850486,0.00015310537199820606,41.71865551004456,0.07615770695310176,0.012101699247715524
219922,-1.4500000476837158,-0.3000000119209289,2.200000047683716,0.5499999523162842,1.699999988079071,-1.7999999523162842,0.0060040005482733,0.0007307574851438,-0.0041436194442212,0.005971917851994879,0.0008008689800142292,-0.004194661080716154,0.007331549030340572,0.007341687512840559,9.246712804852656e-05,42.0844655891799,0.07280108677556313,0.007308753176579462
219934,-1.4500000476837158,0.3000000119209289,2.200000047683716,0.5499999523162842,2.300000011920929,-1.7999999523162842,0.0060040005482733,-0.0007307574851438,-0.0041436194442212,0.005973023091287028,-0.000800251721191603,-0.004198118305392963,0.007331549030340572,0.0073444948752377556,9.359047790359444e-05,43.10065818868244,0.0707106848621538,0.007397544588131995
219946,-1.4500000476837158,0.8999999761581421,2.200000047683716,0.5499999523162842,2.899999976158142,-1.7999999523162842,0.0060881110839545,-0.0021882494911551,-0.0037450657691806,0.006113374629303146,-0.0022251888744017462,-0.0035908229350223603,0.007475229094924012,0.007430936968892367,0.0001606039123041276,41.7824335011382,0.07615775078136024,0.012694396149168456
219957,-1.4500000476837158,1.4500000476837158,2.200000047683716,0.5499999523162842,3.450000047683716,-1.7999999523162842,0.0062150177545845,-0.0035073298495262,-0.002632139949128,0.0062256450971913515,-0.0036193153020484016,-0.002912129306060166,0.007606311134510183,0.007767792300714463,0.0003017411506287693,43.0436180189247,0.0700000286102306,0.023850114518592983
219969,-1.4500000476837158,2.049999952316284,2.200000047683716,0.5499999523162842,4.049999952316284,-1.7999999523162842,0.0062595722265541,-0.0049832337535917,0.0005720586050301,0.006284403363936367,-0.005090059922230983,0.0006600183362160456,0.008021353635763234,0.008114065556593575,0.00014058922433867184,44.58078724663443,0.07483314008907666,0.011112402446833472
221099,-1.4500000476837158,-2.049999952316284,1.600000023841858,0.5499999523162842,-0.04999995231628418,-2.399999976158142,0.0054434854537248,0.0045365509577095,0.0002515955711714,0.005418449326102582,0.004619426081775149,0.00033443825555163183,0.007090495667317028,0.007128151188863944,0.00011982488986239687,45.81982183347115,0.07348467573672,0.009471155457055775
221111,-1.4500000476837158,-1.4500000476837158,1.600000023841858,0.5499999523162842,0.5499999523162842,-2.399999976158142,0.0053725065663456,0.0030577240977436,-0.0027508249040693,0.005356408000432688,0.003144182201995341,-0.003052464845223087,0.00676613191684853,0.006920587404098469,0.00031419869782434997,43.36686848534242,0.06708203399379728,0.02483477944287079
221122,-1.4500000476837158,-0.8999999761581421,1.600000023841858,0.5499999523162842,1.100000023841858,-2.399999976158142,0.0052186213433742,0.001868846360594,-0.0037039131857454,0.005211253209830475,0.001906932078798378,-0.0035823786601300515,0.006666750957742821,0.006605072810701932,0.00012757528067619244,44.100903802545595,0.07348468547011872,0.01008375903494924
221134,-1.4500000476837158,-0.3000000119209289,1.600000023841858,0.5499999523162842,1.699999988079071,-2.399999976158142,0.0051191560924053,0.0006193767185322,-0.0040081473998725,0.005068661353754392,0.0006745747778807024,-0.004073605790200968,0.006531051385265216,0.006537632842547442,9.940495587071332e-05,43.71998311109633,0.070710662945792,0.007857130445389608
221146,-1.4500000476837158,0.3000000119209289,1.600000023841858,0.5499999523162842,2.300000011920929,-2.399999976158142,0.0051191560924053,-0.0006193767185322,-0.0040081473998725,0.00506821271194271,-0.0006737255520368467,-0.004076754883493137,0.006531051385265216,0.006539160236073909,0.00010127196317356554,42.35169627233845,0.0699999928474477,0.008004701759038032
221158,-1.4500000476837158,0.8999999761581421,1.600000023841858,0.5499999523162842,2.899999976158142,-2.399999976158142,0.0052186213433742,-0.001868846360594,-0.0037039131857454,0.005213890172769571,-0.0019067780130765084,-0.003570934461268617,0.006666750957742821,0.006600911001636887,0.00013836377921557386,43.601437671617695,0.07348470007021478,0.010936499621083227
221169,-1.4500000476837158,1.4500000476837158,1.600000023841858,0.5499999523162842,3.450000047683716,-2.399999976158142,0.0053725065663456,-0.0030577240977436,-0.0027508249040693,0.0053565826899742925,-0.003143770398123361,-0.0030528703432750577,0.00676613191684853,0.0069207143969027725,0.00031446618735999536,43.36686872492961,0.06708203399379721,0.024855922253668637
221181,-1.4500000476837158,2.049999952316284,1.600000023841858,0.5499999523162842,4.049999952316284,-2.399999976158142,0.0054434854537248,-0.0045365509577095,0.0002515955711714,0.005415886164883241,-0.004619999131566805,0.0003315156961988095,0.007090495667317028,0.007126437930935616,0.00011879623247003935,45.31779385584997,0.07348467573672006,0.009389848692774531
222210,-1.4500000476837158,-2.049999952316284,1.0499999523162842,0.5499999523162842,-0.04999995231628418,-2.950000047683716,0.0042685605585575,0.0038542032707482,-0.000434354878962,0.004158647301463562,0.00389725992806829,-0.00027933425925433843,0.005767508669711467,0.005706225543499853,0.0001948491528314279,45.81200664908081,0.07348467573672002,0.01540119602247351
222222,-1.4500000476837158,-1.4500000476837158,1.0499999523162842,0.5499999523162842,0.5499999523162842,-2.950000047683716,0.0041722855530679,0.0024406157899647,-0.0028015940915793,0.004103963434698226,0.002472989334883855,-0.0030756893513235305,0.005586904476052563,0.005693685722766432,0.0002843310916579642,43.00164159252749,0.06708203399379305,0.022473994955968205
222233,-1.4500000476837158,-0.8999999761581421,1.0499999523162842,0.5499999523162842,1.100000023841858,-2.950000047683716,0.0040350384078919,0.0014695234131067,-0.0034140399657189,0.003980695248261698,0.0014870714896788968,-0.003243472911040085,0.005486046199437029,0.005345786452861723,0.0001798728276638339,44.34182595279615,0.07348467573672485,0.014217442763859311
222245,-1.4500000476837158,-0.3000000119209289,1.0499999523162842,0.5499999523162842,1.699999988079071,-2.950000047683716,0.0039556226693093,0.0004870561824645,-0.0035885209217667,0.003869987088157943,0.0005129209654096154,-0.003632504339272175,0.005362989542483544,0.005332445569726625,9.968440585863708e-05,43.70132931677173,0.07071067306103956,0.007879218629915691
222257,-1.4500000476837158,0.3000000119209289,1.0499999523162842,0.5499999523162842,2.300000011920929,-2.950000047683716,0.0039556226693093,-0.0004870561824645,-0.0035885209217667,0.0038705628475363602,-0.0005123532703390377,-0.0036330052762975225,0.005362989542483544,0.005333150098015387,9.926718356536676e-05,42.70593513886818,0.06999999284744363,0.007846240696831418
222269,-1.4500000476837158,0.8999999761581421,1.0499999523162842,0.5499999523162842,2.899999976158142,-2.950000047683716,0.0040350384078919,-0.0014695234131067,-0.0034140399657189,0.003986577729124562,-0.0014868676439855563,-0.0032285815489561586,0.005486046199437029,0.005341096909750212,0.00019246839761247281,43.4549356530895,0.07348469520352187,0.015213017232492443
222280,-1.4500000476837158,1.4500000476837158,1.0499999523162842,0.5499999523162842,3.450000047683716,-2.950000047683716,0.0041722855530679,-0.0024406157899647,-0.0028015940915793,0.00410411051675152,-0.002472438599465882,-0.003076002190095233,0.005586904476052563,0.005693721562854115,0.00028453529010022334,43.00164147005595,0.06708203399379298,0.022490135135132535
222292,-1.4500000476837158,2.049999952316284,1.0499999523162842,0.5499999523162842,4.049999952316284,-2.950000047683716,0.0042685605585575,-0.0038542032707482,-0.000434354878962,0.004155274854041662,-0.003900233446396157,-0.0002849255020896432,0.005767508669711467,0.00570607681255337,0.00019308435097203618,45.28521200997717,0.07348467573672388,0.015261703194394178
223422,-1.4500000476837158,-2.049999952316284,0.449999988079071,0.5499999523162842,-0.04999995231628418,-3.550000011920929,0.0020887039136141,0.0021889077033847,-0.001281913020648,0.00183810413194281,0.002274329094246673,-0.001058641250816531,0.003285924826466762,0.0031099712099523545,0.00034633415626266,45.83506647290723,0.07280109005049154,0.027374818685990534
223434,-1.4500000476837158,-1.4500000476837158,0.449999988079071,0.5499999523162842,0.5499999523162842,-3.550000011920929,0.0020202246960252,0.0012468582717701,-0.0022886586375534,0.0019126312587265607,0.0012112382863512059,-0.002550949126129518,0.0032975629988765062,0.003410659461494493,0.0002857296475840005,44.85202982638478,0.06708204465619645,0.022584539105903065
223445,-1.4500000476837158,-0.8999999761581421,0.449999988079071,0.5499999523162842,1.100000023841858,-3.550000011920929,0.0019578905776143,0.0007299925782717,-0.002522945869714,0.0018119461987097668,0.0007264232705891088,-0.0022986146856014858,0.003275893853553493,0.003015703776556141,0.0002676508581276842,43.65700082810105,0.07348467573671996,0.021155561990941516
223457,-1.4500000476837158,-0.3000000119209289,0.449999988079071,0.5499999523162842,1.699999988079071,-3.550000011920929,0.0019242243142798,0.0002387666754657,-0.0025953527074307,0.0018025894473616554,0.0002291062879539016,-0.0026086581034735472,0.0032396765907951944,0.0031791375414942052,0.00012274118094971183,44.38004393016965,0.07071067137516004,0.00970166387878439
223469,-1.4500000476837158,0.3000000119209289,0.449999988079071,0.5499999523162842,2.300000011920929,-3.550000011920929,0.0019242243142798,-0.0002387666754657,-0.0025953527074307,0.0017991670596316487,-0.00022824148198702043,-0.0026208763756899573,0.0032396765907951944,0.0031871757496587712,0.00012806855304603403,44.93043904950301,0.06782330194043056,0.010122748090585386
223481,-1.4500000476837158,0.8999999761581421,0.449999988079071,0.5499999523162842,2.899999976158142,-3.550000011920929,0.0019578905776143,-0.0007299925782717,-0.002522945869714,0.0018166357954244072,-0.0007285180651979752,-0.0022882457849742895,0.003275893853553493,0.003011141470769793,0.0002739328703480945,43.74124683560537,0.07348469033682088,0.021652102520967925
223492,-1.4500000476837158,1.4500000476837158,0.449999988079071,0.5499999523162842,3.450000047683716,-3.550000011920929,0.0020202246960252,-0.0012468582717701,-0.0022886586375534,0.0019126310428499692,-0.00121123847826619,-0.0025509491838250024,0.0032975629988765062,0.003410659451742933,0.00028572975791175227,44.85202996536028,0.0670820446561954,0.022584547826389176
223504,-1.4500000476837158,2.049999952316284,0.449999988079071,0.5499999523162842,4.049999952316284,-3.550000011920929,0.0020887039136141,-0.0021889077033847,-0.001281913020648,0.0018342856731637716,-0.002278935411824273,-0.0010699505068866683,0.003285924826466762,0.0031149549963406502,0.00034316429971770765,45.36349855483203,0.07280109660035473,0.027124268035384588
327351,-0.8999999761581421,-2.049999952316284,4.550000190734863,1.100000023841858,-0.04999995231628418,0.5500001907348633,0.0019542213995009,0.0037183938547968,-0.0012775319628417,0.0018348455778887261,0.0035626634564530973,-0.0010446305416006705,0.004390617502554741,0.004141314062841534,0.00030454164866231583,45.91160746209966,0.07071065283055046,0.02407147046778983
327363,-0.8999999761581421,-1.4500000476837158,4.550000190734863,1.100000023841858,0.5499999523162842,0.5500001907348633,0.0019852123223245,0.0021442952565848,-0.0020277516450732,0.002018850489966473,0.0020843026690826705,-0.001798678565012715,0.003556802896734394,0.003413988795737211,0.00023917590364814676,43.39629818852518,0.07348470331468882,0.018904854973242693
327374,-0.8999999761581421,-0.8999999761581421,4.550000190734863,1.100000023841858,1.100000023841858,0.5500001907348633,0.0020071798935532,0.0011855447664856,-0.0022217836230993,0.001892042085400349,0.001141548720631774,-0.001940288257435734,0.003220343147290035,0.0029406929891515605,0.0003072979137694878,47.93080924866958,0.07000000136240038,0.02428933017407341
327386,-0.8999999761581421,-0.3000000119209289,4.550000190734863,1.100000023841858,1.699999988079071,0.5500001907348633,0.0020175664685666,0.0003722612746059,-0.0022948132827878,0.0020363389115302948,0.00030322721571812743,-0.0019142498467110824,0.0030782009217260055,0.002811223111493991,0.00038722943428910907,41.460764141948445,0.07071064945880122,0.030607248409838465
327398,-0.8999999761581421,0.3000000119209289,4.550000190734863,1.100000023841858,2.300000011920929,0.5500001907348633,0.0020175664685666,-0.0003722612746059,-0.0022948132827878,0.002034780075447272,-0.0003032753631907792,-0.001917850980781392,0.0030782009217260055,0.0028125536947478627,0.00038360909969601526,42.572299430333935,0.07000002861023452,0.030321091236841066
327410,-0.8999999761581421,0.8999999761581421,4.550000190734863,1.100000023841858,2.899999976158142,0.5500001907348633,0.0020071798935532,-0.0011855447664856,-0.0022217836230993,0.0018869383810063097,-0.0011460281789294675,-0.0019419310329414619,0.003220343147290035,0.002940240326455679,0.00030714337734956377,47.80650680167181,0.07000000136240041,0.0242771153624549
327421,-0.8999999761581421,1.4500000476837158,4.550000190734863,1.100000023841858,3.450000047683716,0.5500001907348633,0.0019852123223245,-0.0021442952565848,-0.0020277516450732,0.0020433826794284925,-0.002099124515118464,-0.0017655989506397813,0.003556802896734394,0.0034203912289473538,0.00027230171047741515,43.64472132116983,0.07071069834915023,0.02152317297445838
327433,-0.8999999761581421,2.049999952316284,4.550000190734863,1.100000023841858,4.049999952316284,0.5500001907348633,0.0019542213995009,-0.0037183938547968,-0.0012775319628417,0.001843385453060156,-0.003557081505810551,-0.001018043715541517,0.004390617502554741,0.004133680173197587,0.00032502373981879815,44.49184099515551,0.07280111461248517,0.02569040848351763
328563,-0.8999999761581421,-2.049999952316284,3.950000047683716,1.100000023841858,-0.04999995231628418,-0.04999995231628418,0.0034922808408737,0.0051315384916961,-0.0012369833420962,0.0033869181348660984,0.005058719926730718,-0.0009894072165908046,0.0063292053649661026,0.006167721490925904,0.0002787432172109757,46.42445975878594,0.07071067116442663,0.02203232021190866
328575,-0.8999999761581421,-1.4500000476837158,3.950000047683716,1.100000023841858,0.5499999523162842,-0.04999995231628418,0.0035258925054222,0.0034617511555552,-0.0030519205611199,0.0035043404491895036,0.0034536657534195306,-0.0027757264824306476,0.0058077412247935604,0.0056491474246505025,0.0002771516443367382,44.34182184188861,0.07348468364510685,0.02190651968640476
328586,-0.8999999761581421,-0.8999999761581421,3.950000047683716,1.100000023841858,1.100000023841858,-0.04999995231628418,0.003547410480678,0.0020571085624396,-0.003517335280776,0.003440297812898223,0.002027252272275677,-0.0031583202450016436,0.005402542386088055,0.005091206889026062,0.0003758408141398639,51.609107468141374,0.06708204998739861,0.02970707322921676
328598,-0.8999999761581421,-0.3000000119209289,3.950000047683716,1.100000023841858,1.699999988079071,-0.04999995231628418,0.0035569565370678,0.0006666822009719,-0.0036783828400075,0.0035176143744776707,0.0006451563688937053,-0.0032361644451598033,0.005160126479200266,0.004823131549519721,0.00044448653066836614,41.65441139155034,0.06999999604054949,0.03513294304181617
328610,-0.8999999761581421,0.3000000119209289,3.950000047683716,1.100000023841858,2.300000011920929,-0.04999995231628418,0.0035569565370678,-0.0006666822009719,-0.0036783828400075,0.0035148322950653206,-0.0006433989549163775,-0.0032407770809963717,0.005160126479200266,0.004823965626570425,0.00044024466110433556,42.834292176410266,0.06999999455043504,0.03479765872721656
328622,-0.8999999761581421,0.8999999761581421,3.950000047683716,1.100000023841858,2.899999976158142,-0.04999995231628418,0.003547410480678,-0.0020571085624396,-0.003517335280776,0.003438784843510077,-0.002029377593053935,-0.0031586339589948754,0.005402542386088055,0.005091226090251704,0.0003758126846724733,50.78664042946624,0.06708205531859819,0.029704849830064158
328633,-0.8999999761581421,1.4500000476837158,3.950000047683716,1.100000023841858,3.450000047683716,-0.04999995231628418,0.0035258925054222,-0.0034617511555552,-0.0030519205611199,0.003519481967711769,-0.003464376867337542,-0.0027269244081657706,0.0058077412247935604,0.005641345329603749,0.00032506997522238927,43.55573104220108,0.07280109823782159,0.025694063005508295
328645,-0.8999999761581421,2.049999952316284,3.950000047683716,1.100000023841858,4.049999952316284,-0.04999995231628418,0.0034922808408737,-0.0051315384916961,-0.0012369833420962,0.00338697804347509,-0.005054355122928143,-0.0009666616829263586,0.0063292053649661026,0.006160564972864935,0.0003001995186050088,45.33703880000138,0.0707106899197732,0.023728261399667702
329674,-0.8999999761581421,-2.049999952316284,3.400000095367432,1.100000023841858,-0.04999995231628418,-0.5999999046325679,0.0040976707823574,0.0052799182012677,-0.0011894963681697,0.004039423685172762,0.005274910764962156,-0.0009567027650118879,0.006788471378930043,0.006712444224515369,0.00024002220818080075,46.110715209349614,0.07071068654802896,0.018971748268967657
329686,-0.8999999761581421,-1.4500000476837158,3.400000095367432,1.100000023841858,0.5499999523162842,-0.5999999046325679,0.0041236435063183,0.0037584218662232,-0.0038048659916967,0.004093060940063098,0.0038106232047311834,-0.0035432691563531864,0.006753308515570415,0.006620328797111952,0.0002685017269265142,43.2738127605799,0.0734846952035181,0.021222816053737083
329697,-0.8999999761581421,-0.8999999761581421,3.400000095367432,1.100000023841858,1.100000023841858,-0.5999999046325679,0.0041230814531445,0.0023322221823036,-0.0045733647421002,0.004062376664118694,0.0023405409049758867,-0.004188632405815879,0.006584430578355152,0.006286944991018483,0.0003895808557159322,50.48711734482863,0.06708206064980057,0.030793108608867803
329709,-0.8999999761581421,-0.3000000119209289,3.400000095367432,1.100000023841858,1.699999988079071,-0.5999999046325679,0.0041177170351147,0.0007738739368505,-0.0048408131115138,0.004079892105595993,0.0007761755121055993,-0.004370614794924799,0.006402182911477475,0.0060291161627980296,0.0004717228841861298,42.96054640892358,0.07000001839229243,0.037285749011813724
329721,-0.8999999761581421,0.3000000119209289,3.400000095367432,1.100000023841858,2.300000011920929,-0.5999999046325679,0.0041177170351147,-0.0007738739368505,-0.0048408131115138,0.004077751284145546,-0.0007740847973237968,-0.004377007350618895,0.006402182911477475,0.006032035821857353,0.0004655245316328345,43.1083224887126,0.0700000149863128,0.03679582107883324
329733,-0.8999999761581421,0.8999999761581421,3.400000095367432,1.100000023841858,2.899999976158142,-0.5999999046325679,0.0041230814531445,-0.0023322221823036,-0.0045733647421002,0.004061090108561649,-0.0023423827051533485,-0.004181429495061603,0.006584430578355152,0.006282003042774647,0.00039693752770300736,47.66688815118806,0.07071068486215577,0.03137459200615004
329744,-0.8999999761581421,1.4500000476837158,3.400000095367432,1.100000023841858,3.450000047683716,-0.5999999046325679,0.0041236435063183,-0.0037584218662232,-0.0038048659916967,0.004102607944264282,-0.0038194604572558497,-0.0034896055509823116,0.006753308515570415,0.006602803724958665,0.0003218032783326019,42.500898789869716,0.07348467573671993,0.02543585793551168
329756,-0.8999999761581421,2.049999952316284,3.400000095367432,1.100000023841858,4.049999952316284,-0.5999999046325679,0.0040976707823574,-0.0052799182012677,-0.0011894963681697,0.004041225655570343,-0.005271046343153442,-0.0009254292828765302,0.006788471378930043,0.006706105703649219,0.00027017806672569977,44.09795892810633,0.072111042701892,0.021355316695758693
330886,-0.8999999761581421,-2.049999952316284,2.799999952316284,1.100000023841858,-0.04999995231628418,-1.2000000476837158,0.0041520488448441,0.0050240298733115,-0.0011640690499916,0.004123257224880959,0.005058926111648676,-0.0009412061894758858,0.006620833975493265,0.006593925434577004,0.000227408353908632,46.06381061007028,0.07071067474690701,0.01797472857746992
330898,-0.8999999761581421,-1.4500000476837158,2.799999952316284,1.100000023841858,0.5499999523162842,-1.2000000476837158,0.004172483459115,0.0036040011327713,-0.0043001621961593,0.004152155500549123,0.0036882437355330224,-0.004068230061623856,0.006992126807694685,0.006884332428619275,0.00024759353192216625,44.093464285067085,0.07280109823782159,0.019570198092310025
330909,-0.8999999761581421,-0.8999999761581421,2.799999952316284,1.100000023841858,1.100000023841858,-1.2000000476837158,0.0041420254856348,0.0022773582022637,-0.0053288484923541,0.004115426063044603,0.0023130458086228103,-0.004935048865128215,0.007123156727149173,0.006829467028573871,0.000396307053852213,48.3472405846785,0.06999999455043505,0.03132475832085027
330921,-0.8999999761581421,-0.3000000119209289,2.799999952316284,1.100000023841858,1.699999988079071,-1.2000000476837158,0.0041144490242004,0.0007653506472706,-0.0056969611905515,0.004092227358695583,0.0007757938887183889,-0.005204589851427661,0.007068933384370737,0.006666028535388461,0.0004929831633031169,41.725678674214144,0.07071067306103454,0.038966196277891885
330933,-0.8999999761581421,0.3000000119209289,2.799999952316284,1.100000023841858,2.300000011920929,-1.2000000476837158,0.0041144490242004,-0.0007653506472706,-0.0056969611905515,0.004091838360463819,-0.0007731684197052946,-0.005208692715670212,0.007068933384370737,0.006668688805130192,0.0004888542351696959,42.57231172298792,0.07000000817435273,0.03863983903886125
330945,-0.8999999761581421,0.8999999761581421,2.799999952316284,1.100000023841858,2.899999976158142,-1.2000000476837158,0.0041420254856348,-0.0022773582022637,-0.0053288484923541,0.004114305480085314,-0.0023149170733867564,-0.004935784707671592,0.007123156727149173,0.00682995763680876,0.0003958259798656968,47.87934190794784,0.0700000047683756,0.03128673344540184
330956,-0.8999999761581421,1.4500000476837158,2.799999952316284,1.100000023841858,3.450000047683716,-1.2000000476837158,0.004172483459115,-0.0036040011327713,-0.0043001621961593,0.004159230120365287,-0.003696791088826191,-0.004021220611039314,0.006992126807694685,0.006865542567869342,0.0002942686440005697,43.70347021409572,0.07071067811865482,0.023259475361646277
330968,-0.8999999761581421,2.049999952316284,2.799999952316284,1.100000023841858,4.049999952316284,-1.2000000476837158,0.0041520488448441,-0.0050240298733115,-0.0011640690499916,0.0041227862442322774,-0.0050556467528836725,-0.0009099006487133084,0.006620833975493265,0.0065867176724149195,0.00025779352799636194,44.72515388333669,0.07280108841303322,0.020376422480173056
332098,-0.8999999761581421,-2.049999952316284,2.200000047683716,1.100000023841858,-0.04999995231628418,-1.7999999523162842,0.0038272002711892,0.0046133450232446,-0.0011746204691007,0.003807121892630694,0.004656120126733382,-0.0009444154206255694,0.006108203292762672,0.0060881485056324776,0.00023500471294731924,44.68628832411891,0.0728010982378216,0.018575157231697257
332110,-0.8999999761581421,-1.4500000476837158,2.200000047683716,1.100000023841858,0.5499999523162842,-1.7999999523162842,0.0038413505535572,0.0032356330193579,-0.0044727474451065,0.0038327422834362806,0.0033293875303034054,-0.004242621746402579,0.00672538213181824,0.00661623563827863,0.00024863999646290534,41.7186555100446,0.07615770695310176,0.019652912362750984
332121,-0.8999999761581421,-0.8999999761581421,2.200000047683716,1.100000023841858,1.100000023841858,-1.7999999523162842,0.0037845051847398,0.0020344601944088,-0.0055807582102715,0.0037697012107743557,0.0020800940840272142,-0.005185010638525007,0.007043178968155578,0.006739567785736423,0.00039864489219118424,47.031853874009094,0.07071068149040333,0.031509544890379264
332133,-0.8999999761581421,-0.3000000119209289,2.200000047683716,1.100000023841858,1.699999988079071,-1.7999999523162842,0.0037369388155639,0.0006838482222519,-0.0059677925892174,0.0037317572072643438,0.0006926177706796277,-0.005476065724185707,0.007074383965425069,0.006662809245793558,0.000491832353386897,42.58181210351528,0.07141428461928132,0.03887523437815171
332145,-0.8999999761581421,0.3000000119209289,2.200000047683716,1.100000023841858,2.300000011920929,-1.7999999523162842,0.0037369388155639,-0.0006838482222519,-0.0059677925892174,0.003731395509806798,-0.0006897017057635002,-0.005479071592657481,0.007074383965425069,0.006664775045791538,0.0004887874834592822,43.18158666427985,0.07071068654802495,0.0386345628743926
332157,-0.8999999761581421,0.8999999761581421,2.200000047683716,1.100000023841858,2.899999976158142,-1.7999999523162842,0.0037845051847398,-0.0020344601944088,-0.0055807582102715,0.0037671873597347155,-0.0020827758326007156,-0.005186416766693283,0.007043178968155578,0.006740072303028198,0.00039766755220931835,46.90538692890307,0.07071068149040335,0.03143229433823373
332168,-0.8999999761581421,1.4500000476837158,2.200000047683716,1.100000023841858,3.450000047683716,-1.7999999523162842,0.0038413505535572,-0.0032356330193579,-0.0044727474451065,0.0038420293184122443,-0.0033360267389389658,-0.0042103845807128434,0.00672538213181824,0.006604362346507002,0.00028091570313155235,42.81276211720876,0.07211103278307587,0.022204037055593432
332180,-0.8999999761581421,2.049999952316284,2.200000047683716,1.100000023841858,4.049999952316284,-1.7999999523162842,0.0038272002711892,-0.0046133450232446,-0.0011746204691007,0.003807306867921808,-0.0046522617705495725,-0.0009189267639739766,0.006108203292762672,0.006081410327036756,0.0002594022581933125,43.778072591078086,0.07280113426206322,0.02050357914855202
333310,-0.8999999761581421,-2.049999952316284,1.600000023841858,1.100000023841858,-0.04999995231628418,-2.399999976158142,0.0032602697610855,0.0041265501640737,-0.001252147136256,0.0032172458021089987,0.00413607844948597,-0.0010456122354501184,0.005406075066302658,0.005343324848669902,0.00021118360381384895,46.16867727765724,0.07071065788816872,0.016692297768845458
333322,-0.8999999761581421,-1.4500000476837158,1.600000023841858,1.100000023841858,0.5499999523162842,-2.399999976158142,0.003257394535467,0.0027648210525512,-0.0043309829197824,0.003259967734282696,0.0028344680025681425,-0.0041327615470175254,0.006083770842476521,0.005978404175919656,0.00021011670952020682,44.100903802545574,0.07348468547011872,0.016607968697290008
333333,-0.8999999761581421,-0.8999999761581421,1.600000023841858,1.100000023841858,1.100000023841858,-2.399999976158142,0.0031839488074183,0.0017052142648026,-0.0052752271294593,0.0031542792047877734,0.0017430519513900458,-0.004891950425234261,0.006393223519049689,0.006076091372745385,0.0003862809959707452,51.73482125700504,0.06708204998739756,0.03053228229249032
333345,-0.8999999761581421,-0.3000000119209289,1.600000023841858,1.100000023841858,1.699999988079071,-2.399999976158142,0.003127281088382,0.0005698285531252,-0.0055675725452601,0.0031361610607724367,0.0005683511389978358,-0.0050780341541224365,0.006411119686329564,0.005995411586099774,0.000489621152586171,41.791738739512645,0.0700000081743528,0.038700457446960775
333357,-0.8999999761581421,0.3000000119209289,1.600000023841858,1.100000023841858,2.300000011920929,-2.399999976158142,0.003127281088382,-0.0005698285531252,-0.0055675725452601,0.0031345421777560878,-0.000565827776989067,-0.005085186341907164,0.006411119686329564,0.0060003863100023345,0.00048245743730804865,42.2940913920823,0.06999999795641271,0.038134225663838776
333369,-0.8999999761581421,0.8999999761581421,1.600000023841858,1.100000023841858,2.899999976158142,-2.399999976158142,0.0031839488074183,-0.0017052142648026,-0.0052752271294593,0.0031524968666790656,-0.0017450833034289078,-0.0048919739500423755,0.006393223519049689,0.006075768375952203,0.00038660285093417425,50.92664076931881,0.06708204998740179,0.03055772223570047
333380,-0.8999999761581421,1.4500000476837158,1.600000023841858,1.100000023841858,3.450000047683716,-2.399999976158142,0.003257394535467,-0.0027648210525512,-0.0043309829197824,0.003270163988667242,-0.0028453512039387716,-0.004079694582556731,0.006083770842476521,0.005952638395995057,0.0002641855269373776,43.55572351881081,0.07280111788740624,0.020881656540652615
333392,-0.8999999761581421,2.049999952316284,1.600000023841858,1.100000023841858,4.049999952316284,-2.399999976158142,0.0032602697610855,-0.0041265501640737,-0.001252147136256,0.0032172649545675544,-0.0041328239440438005,-0.0010187288885279905,0.005406075066302658,0.005335619559964129,0.00023742967816002615,45.33704350115166,0.0707106814904034,0.01876683045195954
334421,-0.8999999761581421,-2.049999952316284,1.0499999523162842,1.100000023841858,-0.04999995231628418,-2.950000047683716,0.0025163665413856,0.0034998678602278,-0.0014148349873721,0.0024369329305294,0.0034452017431185625,-0.0012026387453424436,0.004536841814649553,0.004387983262329591,0.00023307794409802818,46.42446465504343,0.07071066294579509,0.018422862267584172
334433,-0.8999999761581421,-1.4500000476837158,1.0499999523162842,1.100000023841858,0.5499999523162842,-2.950000047683716,0.0024912166409194,0.0022020204924046,-0.0038318156730383,0.00248298572648049,0.0022291341950869204,-0.003627225000482013,0.0050732500384965745,0.004928591947172478,0.0002065435647089492,44.341825952796135,0.07348467573672485,0.016325541481902153
334444,-0.8999999761581421,-0.8999999761581421,1.0499999523162842,1.100000023841858,1.100000023841858,-2.950000047683716,0.0024268475826829,0.0013412786647677,-0.0044348053634166,0.002355737238656307,0.0013491567636009511,-0.004069160218628162,0.0052303074725606235,0.004891603703820274,0.00037257900823337383,51.609241218676146,0.06708204998739756,0.029449254750546872
334456,-0.8999999761581421,-0.3000000119209289,1.0499999523162842,1.100000023841858,1.699999988079071,-2.950000047683716,0.0023833545856177,0.0004491505678743,-0.0046012192033231,0.002384830845826457,0.00042669736214956454,-0.004144490563699798,0.0052012819064569055,0.004800655250553554,0.0004572825997604474,41.65441280306876,0.06999999284744263,0.03614436529097912
334468,-0.8999999761581421,0.3000000119209289,1.0499999523162842,1.100000023841858,2.300000011920929,-2.950000047683716,0.0023833545856177,-0.0004491505678743,-0.0046012192033231,0.0023839359217277993,-0.00042476413014359696,-0.004151187108526347,0.0052012819064569055,0.004805822453561529,0.0004506927142122663,42.56653428859861,0.06999999284744263,0.03562348994911398
334480,-0.8999999761581421,0.8999999761581421,1.0499999523162842,1.100000023841858,2.899999976158142,-2.950000047683716,0.0024268475826829,-0.0013412786647677,-0.0044348053634166,0.0023543682359141722,-0.001351812995653934,-0.004068160904305769,0.0052303074725606235,0.0048908466862929165,0.0003738882015147256,50.817753563140556,0.06708204998740283,0.02955273553075251
334491,-0.8999999761581421,1.4500000476837158,1.0499999523162842,1.100000023841858,3.450000047683716,-2.950000047683716,0.0024912166409194,-0.0022020204924046,-0.0038318156730383,0.0024992891689267992,-0.002242010961495582,-0.0035719142923910908,0.0050732500384965745,0.004902206769768988,0.0002630838858403773,43.55573140997979,0.07280109823782166,0.02079458102487661
334503,-0.8999999761581421,2.049999952316284,1.0499999523162842,1.100000023841858,4.049999952316284,-2.950000047683716,0.0025163665413856,-0.0034998678602278,-0.0014148349873721,0.0024374305888396645,-0.003441936768729527,-0.0011779009515467647,0.004536841814649553,0.004378977876970641,0.00025636815968250933,45.33703816705934,0.07071069160564823,0.02026375903521131
335633,-0.8999999761581421,-2.049999952316284,0.449999988079071,1.100000023841858,-0.04999995231628418,-3.550000011920929,0.0012046225601807,0.0020065733697265,-0.0016538717318326,0.0010989230522204171,0.0019283583395969962,-0.0013924057360458688,0.002865788531267935,0.00262011287817303,0.00029266780464197304,46.68996888416864,0.07000000306538269,0.023132942398048698
335645,-0.8999999761581421,-1.4500000476837158,0.449999988079071,1.100000023841858,0.5499999523162842,-3.550000011920929,0.0011796709150075,0.0011390737490728,-0.0026875943876802,0.001184334481549808,0.0010743833801930146,-0.0024750093612590247,0.0031483767351178776,0.00294662843774756,0.0002222588269050054,43.657000828101054,0.07348467573671996,0.01756770153294134
335656,-0.8999999761581421,-0.8999999761581421,0.449999988079071,1.100000023841858,1.100000023841858,-3.550000011920929,0.0011514305369928,0.0006742480909451,-0.0029232357628643,0.0010390894036706791,0.0006402939399136869,-0.002616948234763549,0.0032133642953999886,0.002887577043429826,0.00032800223242903547,52.550145569368595,0.06708204465619855,0.025925833415446586
335668,-0.8999999761581421,-0.3000000119209289,0.449999988079071,1.100000023841858,1.699999988079071,-3.550000011920929,0.0011343258665874,0.0002223664632765,-0.0029955212958157,0.0011416740355995555,0.0001577624158243478,-0.0025812318935022442,0.003210808285974846,0.00282684747933844,0.000419360688911433,44.37947776469129,0.06999998433249707,0.03314695537646071
335680,-0.8999999761581421,0.3000000119209289,0.449999988079071,1.100000023841858,2.300000011920929,-3.550000011920929,0.0011343258665874,-0.0002223664632765,-0.0029955212958157,0.001146777813324044,-0.0001501931873230384,-0.002581805388857859,0.003210808285974846,0.0028290239328407967,0.000420148645611688,45.18677793411833,0.06782329666749505,0.03320923676399307
335692,-0.8999999761581421,0.8999999761581421,0.449999988079071,1.100000023841858,2.899999976158142,-3.550000011920929,0.0011514305369928,-0.0006742480909451,-0.0029232357628643,0.0010343104529414832,-0.0006432111962325829,-0.0026167069684470625,0.0032133642953999886,0.002886290719027171,0.0003296062874528769,50.92155463044088,0.067823310728653,0.026052620550489396
335703,-0.8999999761581421,1.4500000476837158,0.449999988079071,1.100000023841858,3.450000047683716,-3.550000011920929,0.0011796709150075,-0.0011390737490728,-0.0026875943876802,0.001207980377719669,-0.001083476656906177,-0.002431167500766193,0.0031483767351178776,0.002922963167027268,0.00026390757978664563,44.46524859028121,0.06999999455044016,0.02085968714283843
335715,-0.8999999761581421,2.049999952316284,0.449999988079071,1.100000023841858,4.049999952316284,-3.550000011920929,0.0012046225601807,-0.0020065733697265,-0.0016538717318326,0.0011045382028698645,-0.001924675729159247,-0.0013654057644712854,0.002865788531267935,0.00260551611118893,0.00031612769007871653,45.02092501343516,0.0707106730610346,0.024987250148560926
449763,-0.3000000119209289,-2.049999952316284,4.550000190734863,1.699999988079071,-0.04999995231628418,0.5500001907348633,0.0006186013342812,0.0037855403497815,-0.0014042118564248,0.0005181739668121616,0.0036686598335583633,-0.001138118334568878,0.004084702472435698,0.0038759363485135,0.00030749385942330015,44.05784276630322,0.06708207486634102,0.02430481803932847
449775,-0.3000000119209289,-1.4500000476837158,4.550000190734863,1.699999988079071,0.5499999523162842,0.5500001907348633,0.0006277417414821,0.0021666234824806,-0.0021745658013969,0.0005189810481753985,0.0020884447937017645,-0.002155859855665543,0.0031332177443389223,0.003046091709383599,0.0001352431447188244,43.823203167396734,0.07071067643279244,0.01068983956174742
449786,-0.3000000119209289,-0.8999999761581421,4.550000190734863,1.699999988079071,1.100000023841858,0.5500001907348633,0.0006350513431243,0.0011907358421012,-0.0023643528111279,0.0005565132619293784,0.0011953818342943178,-0.001996160681058348,0.0027223714422460496,0.0023923424096620144,0.00037650399743746767,41.46076414194845,0.07071064945880122,0.029759492322740163
449798,-0.3000000119209289,-0.3000000119209289,4.550000190734863,1.699999988079071,1.699999988079071,0.5500001907348633,0.0006383617292158,0.0003727102593984,-0.0024325489066541,0.0005149825627358592,0.00034225540933065425,-0.002263198948022312,0.002542383294873585,0.0023461490326633955,0.00021172936759581129,45.49484082534545,0.07141430631972127,0.016735435831628006
449810,-0.3000000119209289,0.3000000119209289,4.550000190734863,1.699999988079071,2.300000011920929,0.5500001907348633,0.0006383617292158,-0.0003727102593984,-0.0024325489066541,0.0005156334272166395,-0.00034197915797861425,-0.0022614035991748273,0.002542383294873585,0.0023445199538745247,0.0002128317480505319,45.39316394197528,0.07141427961150308,0.01682256978744861
449822,-0.3000000119209289,0.8999999761581421,4.550000190734863,1.699999988079071,2.899999976158142,0.5500001907348633,0.0006350513431243,-0.0011907358421012,-0.0023643528111279,0.0005561379479084407,-0.0011952527700459755,-0.001993199883558425,0.0027223714422460496,0.002389720564673558,0.00037947624724868464,42.57798067323822,0.07071067643279545,0.02999442381361462
449833,-0.3000000119209289,1.4500000476837158,4.550000190734863,1.699999988079071,3.450000047683716,0.5500001907348633,0.0006277417414821,-0.0021666234824806,-0.0021745658013969,0.0005203699361086975,-0.002087399644278256,-0.0021566381907091032,0.0031332177443389223,0.00304616323117521,0.0001346347665115821,43.77331782965972,0.07071069666328336,0.010641752352286236
449845,-0.3000000119209289,2.049999952316284,4.550000190734863,1.699999988079071,4.049999952316284,0.5500001907348633,0.0006186013342812,-0.0037855403497815,-0.0014042118564248,0.0004922223366260975,-0.003666695484711411,-0.001165286918657065,0.004084702472435698,0.003878766841287316,0.0002952640833036625,43.569563900861624,0.06708209619114773,0.023338156513771535
450975,-0.3000000119209289,-2.049999952316284,3.950000047683716,1.699999988079071,-0.04999995231628418,-0.04999995231628418,0.0011324502993375,0.0051886411383748,-0.0015149192186072,0.00104717868884925,0.0050909651952370525,-0.0012388881448566946,0.005522628068429956,0.0053431595204486955,0.00030496719675887326,43.935243264159034,0.0678232876595607,0.024105106485995877
450987,-0.3000000119209289,-1.4500000476837158,3.950000047683716,1.699999988079071,0.5499999523162842,-0.04999995231628418,0.0011438491055741,0.0034702725242823,-0.0033686412498354,0.0011222402157849884,0.003416787904762257,-0.003322727994024864,0.004969801408427094,0.004896364366581728,7.3726356903386e-05,43.67510499344057,0.07071068127966994,0.005827451945219575
450998,-0.3000000119209289,-0.8999999761581421,3.950000047683716,1.699999988079071,1.100000023841858,-0.04999995231628418,0.0011523701250553,0.0020522251725196,-0.0038248307537287,0.0011110949695056764,0.0020299567242070718,-0.0033947384268505185,0.004490981558469365,0.004108467514797928,0.00043264180553361,41.65441139155035,0.06999999604054949,0.03419671657646161
451010,-0.3000000119209289,-0.3000000119209289,3.950000047683716,1.699999988079071,1.699999988079071,-0.04999995231628418,0.0011558996047824,0.000663635903038,-0.0039754216559231,0.0011104300083525425,0.0006749369784906553,-0.003761200038398467,0.00419290995020398,0.003979349250472061,0.00021928543025187766,46.13126164762118,0.07071068127966994,0.017332679393804788
451022,-0.3000000119209289,0.3000000119209289,3.950000047683716,1.699999988079071,2.300000011920929,-0.04999995231628418,0.0011558996047824,-0.000663635903038,-0.0039754216559231,0.0011115847833994556,-0.0006743840273793332,-0.003760782335527547,0.00419290995020398,0.003979183122487028,0.00021942963207124977,46.97004673557091,0.06999998262950541,0.017344077341677155
451034,-0.3000000119209289,0.8999999761581421,3.950000047683716,1.699999988079071,2.899999976158142,-0.04999995231628418,0.0011523701250553,-0.0020522251725196,-0.0038248307537287,0.0011112925980275759,-0.0020307063487165823,-0.003388385698461406,0.004490981558469365,0.004103644374782799,0.000438901707984658,42.54860335431977,0.0700000062584899,0.03469150951412226
451045,-0.3000000119209289,1.4500000476837158,3.950000047683716,1.699999988079071,3.450000047683716,-0.04999995231628418,0.0011438491055741,-0.0034702725242823,-0.0033686412498354,0.001122945593759342,-0.003416559453851079,-0.003323184519741079,0.004969801408427094,0.004896676491304021,7.340548380200866e-05,43.9026712560343,0.07071067980452912,0.005802089609993377
451057,-0.3000000119209289,2.049999952316284,3.950000047683716,1.699999988079071,4.049999952316284,-0.04999995231628418,0.0011324502993375,-0.0051886411383748,-0.0015149192186072,0.001035019076856578,-0.00508558788000637,-0.0012628936022979914,0.005522628068429956,0.00534128906027842,0.00028918805032454895,41.53043877714272,0.06999998582261775,0.02285789692018069
452086,-0.3000000119209289,-2.049999952316284,3.400000095367432,1.699999988079071,-0.04999995231628418,-0.5999999046325679,0.0013507499825209,0.0052686985582113,-0.0016314822714775,0.0012747954503925809,0.005225275731093609,-0.001323805668389448,0.0056785072347161295,0.005539049679679494,0.0003198742330253056,43.37032871070015,0.06999997752053641,0.02528338303643113
452098,-0.3000000119209289,-1.4500000476837158,3.400000095367432,1.699999988079071,0.5499999523162842,-0.5999999046325679,0.0013619876699522,0.0037209005095064,-0.0042995433323085,0.0013816212469820843,0.003708378611251874,-0.004249726528740132,0.0058468952343226814,0.0058069893028642955,5.499081014728198e-05,43.43079298578885,0.07071069329152221,0.0043465636581218525
452109,-0.3000000119209289,-0.8999999761581421,3.400000095367432,1.699999988079071,1.100000023841858,-0.5999999046325679,0.0013649680186063,0.0023014270700514,-0.0050589051097631,0.0013460368989411803,0.0022887698320416317,-0.004587689963208286,0.005722955980974394,0.005300677492160517,0.00047176509759464593,42.96054640892358,0.07000001839229243,0.03728908562872935
452121,-0.3000000119209289,-0.3000000119209289,3.400000095367432,1.699999988079071,1.699999988079071,-0.5999999046325679,0.0013642782578244,0.0007628586026839,-0.0053137415088713,0.001361462717048467,0.0007954069316697639,-0.0050691714984952094,0.0055388678658696185,0.005308743033714993,0.0002467423979882546,43.77784797835017,0.07280108022569903,0.01950292307280356
452133,-0.3000000119209289,0.3000000119209289,3.400000095367432,1.699999988079071,2.300000011920929,-0.5999999046325679,0.0013642782578244,-0.0007628586026839,-0.0053137415088713,0.0013625515540457904,-0.0007958569531506978,-0.005068194593199358,0.0055388678658696185,0.0053081570683096895,0.00024776028825353045,45.07147027640057,0.07071069497739818,0.01958337878573367
452145,-0.3000000119209289,0.8999999761581421,3.400000095367432,1.699999988079071,2.899999976158142,-0.5999999046325679,0.0013649680186063,-0.0023014270700514,-0.0050589051097631,0.0013457729247416822,-0.0022889631855077747,-0.004583524301505698,0.005722955980974394,0.005297089035694131,0.0004759314161786855,42.55392062839228,0.07071070340676842,0.03761839827018785
452156,-0.3000000119209289,1.4500000476837158,3.400000095367432,1.699999988079071,3.450000047683716,-0.5999999046325679,0.0013619876699522,-0.0037209005095064,-0.0042995433323085,0.0013818451370065652,-0.003708038049707039,-0.004245644491225562,0.0058468952343226814,0.0058038383253341775,5.886295048661042e-05,43.14494903952883,0.07211101625172546,0.004652623969526529
452168,-0.3000000119209289,2.049999952316284,3.400000095367432,1.699999988079071,4.049999952316284,-0.5999999046325679,0.0013507499825209,-0.0052686985582113,-0.0016314822714775,0.00126615942011913,-0.0052185726508963805,-0.0013460009951672888,0.0056785072347161295,0.00553609780159558,0.00030193994262981967,43.15048208470576,0.07071066968928957,0.02386582736379342
453298,-0.3000000119209289,-2.049999952316284,2.799999952316284,1.699999988079071,-0.04999995231628418,-1.2000000476837158,0.0013782678870484,0.004926370922476,-0.0017539081163704,0.00130655972502553,0.004927976835142761,-0.0014250136366290743,0.0054078596981574755,0.0052936488235754055,0.00033662474398134907,43.846239228379986,0.0670820553185984,0.02660737084423958
453310,-0.3000000119209289,-1.4500000476837158,2.799999952316284,1.699999988079071,0.5499999523162842,-1.2000000476837158,0.0013897555181756,0.0035074679180979,-0.0049514938145875,0.0014238967459407582,0.0035239264743181357,-0.004916767002746266,0.006225033541490666,0.006214510238047357,5.1404853533723596e-05,43.662583877314226,0.07071067980452908,0.004063123776906263
453321,-0.3000000119209289,-0.8999999761581421,2.799999952316284,1.699999988079071,1.100000023841858,-1.2000000476837158,0.0013841661857441,0.0022127442061901,-0.0059737958945333,0.0013743767076789747,0.002214733074532261,-0.005466597543389699,0.0065190789488491505,0.00605620695051217,0.0005072967148334968,41.72567867421416,0.07071067306103454,0.040097562823210524
453333,-0.3000000119209289,-0.3000000119209289,2.799999952316284,1.699999988079071,1.699999988079071,-1.2000000476837158,0.0013766669435426,0.0007438019383698,-0.0063295103609561,0.001392225432798562,0.0007890088506696326,-0.006059231757336969,0.006520057868333395,0.006266986206406315,0.0002744745071621769,45.763782696567695,0.07141426625737834,0.021694914381453087
453345,-0.3000000119209289,0.3000000119209289,2.799999952316284,1.699999988079071,2.300000011920929,-1.2000000476837158,0.0013766669435426,-0.0007438019383698,-0.0063295103609561,0.0013924923975600703,-0.0007882692783586433,-0.006058584389322874,0.006520057868333395,0.0062663265423223416,0.00027500667523889323,45.656470469402514,0.07141426291885274,0.0217369778174358
453357,-0.3000000119209289,0.8999999761581421,2.799999952316284,1.699999988079071,2.899999976158142,-1.2000000476837158,0.0013841661857441,-0.0022127442061901,-0.0059737958945333,0.0013742840152230573,-0.0022151305819635087,-0.005461820779203169,0.0065190789488491505,0.006052020015976741,0.0005120760400573729,42.57797761079178,0.070710686548029,0.04047532851301954
453368,-0.3000000119209289,1.4500000476837158,2.799999952316284,1.699999988079071,3.450000047683716,-1.2000000476837158,0.0013897555181756,-0.0035074679180979,-0.0049514938145875,0.0014250069971477126,-0.0035234864937425106,-0.004917244616876107,0.006225033541490666,0.006214893131478842,5.169399461521157e-05,44.02819327808455,0.07071068486215284,0.00408597796133271
453380,-0.3000000119209289,2.049999952316284,2.799999952316284,1.699999988079071,4.049999952316284,-1.2000000476837158,0.0013782678870484,-0.004926370922476,-0.0017539081163704,0.0012980324847566165,-0.004919991455784778,-0.001447296593025968,0.0054078596981574755,0.005290167453366976,0.00031700006880721964,43.569579577283875,0.06708207842047792,0.02505620439141122
454510,-0.3000000119209289,-2.049999952316284,2.200000047683716,1.699999988079071,-0.04999995231628418,-1.7999999523162842,0.00126640626695,0.0044500180520117,-0.0017903839470818,0.001194593428063659,0.004474744439602982,-0.0014477200000988625,0.004961040231057237,0.004852451386342468,0.00035098013994264,43.62237141191684,0.07071067474690697,0.027742044841879903
454522,-0.3000000119209289,-1.4500000476837158,2.200000047683716,1.699999988079071,0.5499999523162842,-1.7999999523162842,0.0012769210152328,0.0030937106348574,-0.005149639211595,0.0013055884072922389,0.003122071333670906,-0.00512473652871209,0.006141690059012235,0.006141238880755377,4.7395065349113886e-05,42.08446558917988,0.07280108677556313,0.003746183554470708
454533,-0.3000000119209289,-0.8999999761581421,2.200000047683716,1.699999988079071,1.100000023841858,-1.7999999523162842,0.0012631380232051,0.0019435004796832,-0.0062521998770534,0.0012533039035212458,0.0019565370855005103,-0.00573876391885601,0.006668036823745192,0.00619130191138213,0.000513695577332786,42.58181210351528,0.07141428461928132,0.04060333939057218
454545,-0.3000000119209289,-0.3000000119209289,2.200000047683716,1.699999988079071,1.699999988079071,-1.7999999523162842,0.0012492277892306,0.0006540170870721,-0.0066272290423512,0.0012615326984555602,0.0007009105908085797,-0.00635098261249267,0.006775579178147906,0.006512888802195568,0.0002804683609487911,45.30961948831851,0.0714143129967684,0.02216867839713528
454557,-0.3000000119209289,0.3000000119209289,2.200000047683716,1.699999988079071,2.300000011920929,-1.7999999523162842,0.0012492277892306,-0.0006540170870721,-0.0066272290423512,0.0012620349370996424,-0.0007002998155025303,-0.006350314726581078,0.006775579178147906,0.006512269123791299,0.0002810474199595845,45.18824952196023,0.0714143029811856,0.02221444816931142
454569,-0.3000000119209289,0.8999999761581421,2.200000047683716,1.699999988079071,2.899999976158142,-1.7999999523162842,0.0012631380232051,-0.0019435004796832,-0.0062521998770534,0.0012548003899292349,-0.001956407302530254,-0.005732834656389595,0.006668036823745192,0.006186068763719158,0.0005195924697681941,41.79791786882266,0.0728010785882366,0.041069439422322045
454580,-0.3000000119209289,1.4500000476837158,2.200000047683716,1.699999988079071,3.450000047683716,-1.7999999523162842,0.0012769210152328,-0.0030937106348574,-0.005149639211595,0.0013063757080069404,-0.003121169059860303,-0.005127019899921461,0.006141690059012235,0.006142853314616144,4.618633229261391e-05,42.109354140988884,0.07280109168795852,0.003650643314898278
454592,-0.3000000119209289,2.049999952316284,2.200000047683716,1.699999988079071,4.049999952316284,-1.7999999523162842,0.00126640626695,-0.0044500180520117,-0.0017903839470818,0.001183117458567424,-0.004469151548898178,-0.0014705976292352396,0.004961040231057237,0.004851364743543649,0.0003310081651360818,43.04179710040946,0.07141431800456806,0.026163427257548826
455722,-0.3000000119209289,-2.049999952316284,1.600000023841858,1.699999988079071,-0.04999995231628418,-2.399999976158142,0.0010703603038564,0.0039384406991302,-0.0017257207073271,0.0009859227157696193,0.003953628877806838,-0.0013948985111722502,0.004431150897942237,0.004306851142234807,0.00034176558124267596,44.047516078379466,0.06782328963691128,0.027013711037311032
455734,-0.3000000119209289,-1.4500000476837158,1.600000023841858,1.699999988079071,0.5499999523162842,-2.399999976158142,0.0010749730281531,0.0026108748279511,-0.0048551796935498,0.0010820619587222102,0.0026296089660342763,-0.004856156091343507,0.00561649394508208,0.005627428665052473,2.0054281811741228e-05,43.71998311109636,0.070710662945792,0.001585123264763483
455745,-0.3000000119209289,-0.8999999761581421,1.600000023841858,1.699999988079071,1.100000023841858,-2.399999976158142,0.0010557099012658,0.0016090677818283,-0.005792386829853,0.0010374274145589233,0.0016248654682410257,-0.005278953517816369,0.0061037175318655575,0.00561994605611356,0.0005140015390298808,41.79173873951271,0.0700000081743528,0.040627523103992806
455757,-0.3000000119209289,-0.3000000119209289,1.600000023841858,1.699999988079071,1.699999988079071,-2.399999976158142,0.0010388658847659,0.000538702821359,-0.0060731177218258,0.00103197908935096,0.0005838548900215182,-0.005812785517151474,0.006184836450499332,0.00593248201361501,0.00026430852057053876,46.130360059191325,0.07071068317627757,0.020891378158767477
455769,-0.3000000119209289,0.3000000119209289,1.600000023841858,1.699999988079071,2.300000011920929,-2.399999976158142,0.0010388658847659,-0.000538702821359,-0.0060731177218258,0.0010328960705635237,-0.000583444573432109,-0.005812514137559223,0.006184836450499332,0.005932335329545927,0.00026448382028541797,46.97005038203675,0.06999997752053418,0.020905234135210313
455781,-0.3000000119209289,0.8999999761581421,1.600000023841858,1.699999988079071,2.899999976158142,-2.399999976158142,0.0010557099012658,-0.0016090677818283,-0.005792386829853,0.0010364926179446637,-0.001624684985188022,-0.005272615529232931,0.0061037175318655575,0.005613768143346985,0.0005203608420772082,42.39712510034803,0.07000000817435281,0.041130172827509616
455792,-0.3000000119209289,1.4500000476837158,1.600000023841858,1.699999988079071,3.450000047683716,-2.399999976158142,0.0010749730281531,-0.0026108748279511,-0.0048551796935498,0.001082943819726612,-0.002629046108325198,-0.004856863299519215,0.00561649394508208,0.005627945616883714,1.9913901621799292e-05,43.98637380117015,0.07071066800341697,0.0015740273847375725
455804,-0.3000000119209289,2.049999952316284,1.600000023841858,1.699999988079071,4.049999952316284,-2.399999976158142,0.0010703603038564,-0.0039384406991302,-0.0017257207073271,0.0009744291627598844,-0.003949938399467223,-0.0014135701786274126,0.004431150897942237,0.004306936986157025,0.0003267612790901239,41.57029599914999,0.06999998773847323,0.025827746432005326
456833,-0.3000000119209289,-2.049999952316284,1.0499999523162842,1.699999988079071,-0.04999995231628418,-2.950000047683716,0.0008257641457021,0.0033457220997661,-0.0016890702536329,0.0007211283780587974,0.003334246374626292,-0.0013643228933049078,0.0038377989935505885,0.003674044363034578,0.0003413812885583896,43.93524339345733,0.06782328787927178,0.026983335914429092
456845,-0.3000000119209289,-1.4500000476837158,1.0499999523162842,1.699999988079071,0.5499999523162842,-2.950000047683716,0.0008216166170313,0.0020851194858551,-0.0041425083763897,0.0007892461471000202,0.002078509130294136,-0.004154982015433321,0.004709899445225282,0.004712428804130907,3.5314809856557407e-05,43.67510828360979,0.07071067306103956,0.002791340384054748
456856,-0.3000000119209289,-0.8999999761581421,1.0499999523162842,1.699999988079071,1.100000023841858,-2.950000047683716,0.0008047942537814,0.0012709073489531,-0.0047404593788087,0.0007670282058794642,0.0012688629134143732,-0.004258993340729904,0.004973414762784009,0.004509697288957957,0.00048294927260955265,41.65441280306875,0.06999999284744263,0.03817310113124093
456868,-0.3000000119209289,-0.3000000119209289,1.0499999523162842,1.699999988079071,1.699999988079071,-2.950000047683716,0.0007922482909634,0.0004268668126314,-0.0048991693183779,0.0007514856114276093,0.0004630712236227112,-0.004685210370317347,0.004981137685348187,0.004767636919529356,0.00022079580356823762,46.131267048124506,0.07071067306103956,0.01745206177332428
456880,-0.3000000119209289,0.3000000119209289,1.0499999523162842,1.699999988079071,2.300000011920929,-2.950000047683716,0.0007922482909634,-0.0004268668126314,-0.0048991693183779,0.0007515825038487279,-0.0004630498380035007,-0.004684659741351388,0.004981137685348187,0.004767109009117061,0.00022130810243374912,46.970044031814,0.06999998773847824,0.017492554714325977
456892,-0.3000000119209289,0.8999999761581421,1.0499999523162842,1.699999988079071,2.899999976158142,-2.950000047683716,0.0008047942537814,-0.0012709073489531,-0.0047404593788087,0.0007673383484942311,-0.0012697280476307578,-0.00425209726019415,0.004973414762784009,0.004503481827004598,0.000489797809805416,42.54860684210588,0.06999999795641988,0.038714420722771016
456903,-0.3000000119209289,1.4500000476837158,1.0499999523162842,1.699999988079071,3.450000047683716,-2.950000047683716,0.0008216166170313,-0.0020851194858551,-0.0041425083763897,0.0007902471335965206,-0.002077936588262272,-0.004155652711941237,0.004709899445225282,0.004712935439751018,3.4762221820323106e-05,43.96143045150237,0.07071067811865578,0.0027476629210427274
456915,-0.3000000119209289,2.049999952316284,1.0499999523162842,1.699999988079071,4.049999952316284,-2.950000047683716,0.0008257641457021,-0.0033457220997661,-0.0016890702536329,0.0007068107846310592,-0.003331720821866348,-0.001385265647691072,0.0038377989935505885,0.003676806499504905,0.0003265626685406537,41.53044252355116,0.0699999775205453,0.025812047929034833
458045,-0.3000000119209289,-2.049999952316284,0.449999988079071,1.699999988079071,-0.04999995231628418,-3.550000011920929,0.0003920407034456,0.0019291962962597,-0.0017645498737692,0.00022700747366044189,0.0019524942081613661,-0.0014172159902508786,0.0026436963743363506,0.002423276127275667,0.0003852526265610885,45.82216026118715,0.06708203399379517,0.0304509982908332
458057,-0.3000000119209289,-1.4500000476837158,0.449999988079071,1.699999988079071,0.5499999523162842,-3.550000011920929,0.0003856318653561,0.0010878593893721,-0.0028166845440864,0.00030312320327518133,0.0010461801361085954,-0.002826232729570705,0.0030439878132998946,0.003028855888821501,9.293012061236807e-05,44.38004393016967,0.07071067137516004,0.0073453488667790485
458068,-0.3000000119209289,-0.8999999761581421,0.449999988079071,1.699999988079071,1.100000023841858,-3.550000011920929,0.0003781252016779,0.0006452710367739,-0.0030530844815075,0.0003039195067912525,0.0006230619831255405,-0.0026161413396547403,0.0031433546141447573,0.0027064310097386682,0.00044375560439247037,44.37947776469131,0.06999998433249707,0.03507516943238823
458080,-0.3000000119209289,-0.3000000119209289,0.449999988079071,1.699999988079071,1.699999988079071,-3.550000011920929,0.000373368820874,0.0002133786474587,-0.0031239055097103,0.0002827700716499747,0.00023862578086938246,-0.0029393317698627763,0.003153366511712604,0.0029625280471315533,0.00020715457163122435,45.665214000577656,0.07071067811865772,0.01637383646930294
458092,-0.3000000119209289,0.3000000119209289,0.449999988079071,1.699999988079071,2.300000011920929,-3.550000011920929,0.000373368820874,-0.0002133786474587,-0.0031239055097103,0.0002807587325693088,-0.00024046648303629277,-0.002938959777067239,0.003153366511712604,0.002962116501185746,0.0002086032198096664,48.185932387898376,0.06782327381810588,0.01648833999287272
458104,-0.3000000119209289,0.8999999761581421,0.449999988079071,1.699999988079071,2.899999976158142,-3.550000011920929,0.0003781252016779,-0.0006452710367739,-0.0030530844815075,0.000302873471983857,-0.000622929923357482,-0.0026088048604698145,0.0031433546141447573,0.002699191884519632,0.0004511610907868939,43.715269309250374,0.06999999795641274,0.035660511200340125
458115,-0.3000000119209289,1.4500000476837158,0.449999988079071,1.699999988079071,3.450000047683716,-3.550000011920929,0.0003856318653561,-0.0010878593893721,-0.0028166845440864,0.00030566864723388496,-0.0010454425143043547,-0.0028260510864826388,0.0030439878132998946,0.003028687523668711,9.100021790871813e-05,44.36108560706985,0.07071067137515907,0.007192806197687083
458127,-0.3000000119209289,2.049999952316284,0.449999988079071,1.699999988079071,4.049999952316284,-3.550000011920929,0.0003920407034456,-0.0019291962962597,-0.0017645498737692,0.000205204786964244,-0.0019493039868053637,-0.0014485330621540103,0.0026436963743363506,0.0024372408723229632,0.0003676664305181243,45.3725098755057,0.06708205887273354,0.029060956565675373
572175,0.3000000119209289,-2.049999952316284,4.550000190734863,2.300000011920929,-0.04999995231628418,0.5500001907348633,-0.0006186013342812,0.0037855403497815,-0.0014042118564248,-0.0005207975645137319,0.0036685215842661564,-0.0011393174469424376,0.004084702472435698,0.0038765093785953285,0.00030565996963696833,43.84622766739745,0.06708206953514165,0.024159864388401675
572187,0.3000000119209289,-1.4500000476837158,4.550000190734863,2.300000011920929,0.5499999523162842,0.5500001907348633,-0.0006277417414821,0.0021666234824806,-0.0021745658013969,-0.0005188072215249113,0.00209002413995035,-0.002152315154701339,0.0031332177443389223,0.0030446382977028074,0.00013501585163505945,42.38298996788756,0.07000002350126872,0.010671873944310814
572198,0.3000000119209289,-0.8999999761581421,4.550000190734863,2.300000011920929,1.100000023841858,0.5500001907348633,-0.0006350513431243,0.0011907358421012,-0.0023643528111279,-0.0005628863441598066,0.0011901939247161116,-0.0019932779976166567,0.0027223714422460496,0.002388840679211446,0.0003780272450133743,42.572299430333935,0.07000002861023452,0.029879892304810352
572210,0.3000000119209289,-0.3000000119209289,4.550000190734863,2.300000011920929,1.699999988079071,0.5500001907348633,-0.0006383617292158,0.0003727102593984,-0.0024325489066541,-0.0005144071805795138,0.00034255840375229513,-0.002260971010688554,0.002542383294873585,0.002343917856621069,0.00021380561010060693,45.39316394197527,0.07141427961150308,0.01689954543817176
572222,0.3000000119209289,0.3000000119209289,4.550000190734863,2.300000011920929,2.300000011920929,0.5500001907348633,-0.0006383617292158,-0.0003727102593984,-0.0024325489066541,-0.0005114060863738421,-0.0003441913532927329,-0.002256402568720903,0.002542383294873585,0.0023390930774537344,0.0002189945104840636,47.93675323267875,0.06708207664340847,0.017309684619099285
572234,0.3000000119209289,0.8999999761581421,4.550000190734863,2.300000011920929,2.899999976158142,0.5500001907348633,-0.0006350513431243,-0.0011907358421012,-0.0023643528111279,-0.0005632776266688063,-0.0011901082792558741,-0.0019908710954202598,0.0027223714422460496,0.002386882301170061,0.00038031625284344763,43.17746049913333,0.07071064945880125,0.030060819230976848
572245,0.3000000119209289,1.4500000476837158,4.550000190734863,2.300000011920929,3.450000047683716,0.5500001907348633,-0.0006277417414821,-0.0021666234824806,-0.0021745658013969,-0.0005188886645038564,-0.002088700213599683,-0.002150486007748707,0.0031332177443389223,0.0030424503443712814,0.0001360178836140995,42.55139378860901,0.0707106393435584,0.010751076192335644
572257,0.3000000119209289,2.049999952316284,4.550000190734863,2.300000011920929,4.049999952316284,0.5500001907348633,-0.0006186013342812,-0.0037855403497815,-0.0014042118564248,-0.0004922231668186914,-0.003666695488056897,-0.0011652869237724964,0.004084702472435698,0.0038787669513396903,0.0002952637224794636,43.56956419468027,0.06708209619114772,0.023338127993636156
573387,0.3000000119209289,-2.049999952316284,3.950000047683716,2.300000011920929,-0.04999995231628418,-0.04999995231628418,-0.0011324502993375,0.0051886411383748,-0.0015149192186072,-0.0010471793411382727,0.005090965254588895,-0.001238888004751778,0.005522628068429956,0.005343159672352681,0.00030496712217560384,43.93524513354135,0.06782328414427316,0.024105100590812164
573399,0.3000000119209289,-1.4500000476837158,3.950000047683716,2.300000011920929,0.5499999523162842,-0.04999995231628418,-0.0011438491055741,0.0034702725242823,-0.0033686412498354,-0.0011221389838417595,0.0034178283390901435,-0.0033196415556129744,0.004969801408427094,0.0048949735966905515,7.498461162127501e-05,42.70593472944011,0.06999999284744356,0.005926906457978868
573410,0.3000000119209289,-0.8999999761581421,3.950000047683716,2.300000011920929,1.100000023841858,-0.04999995231628418,-0.0011523701250553,0.0020522251725196,-0.0038248307537287,-0.0011126297387262978,0.002026276998153192,-0.003393183638558832,0.004490981558469365,0.00410578112102024,0.0004342485902026596,42.8342921764103,0.06999999455043504,0.03432371946713031
573422,0.3000000119209289,-0.3000000119209289,3.950000047683716,2.300000011920929,1.699999988079071,-0.04999995231628418,-0.0011558996047824,0.000663635903038,-0.0039754216559231,-0.0011100115547721787,0.0006754425902582432,-0.003759988475592296,0.00419290995020398,0.0039781731587563395,0.00022058233425254625,46.97004673557091,0.06999998262950541,0.017435188809146754
573434,0.3000000119209289,0.3000000119209289,3.950000047683716,2.300000011920929,2.300000011920929,-0.04999995231628418,-0.0011558996047824,-0.000663635903038,-0.0039754216559231,-0.001109951373452195,-0.0006742203833645555,-0.00376276024580015,0.00419290995020398,0.003980569035219295,0.00021782595470154354,47.126290258711585,0.06999997560467035,0.017217320057035437
573446,0.3000000119209289,0.8999999761581421,3.950000047683716,2.300000011920929,2.899999976158142,-0.04999995231628418,-0.0011523701250553,-0.0020522251725196,-0.0038248307537287,-0.001113059917588039,-0.0020264346146485848,-0.0033888078258426622,0.004490981558469365,0.004102360065630456,0.00043855038356924316,43.57999545582306,0.07000000625848979,0.03466374025718346
573457,0.3000000119209289,1.4500000476837158,3.950000047683716,2.300000011920929,3.450000047683716,-0.04999995231628418,-0.0011438491055741,-0.0034702725242823,-0.0033686412498354,-0.0011232163331320868,-0.0034169944714405073,-0.0033225560928623462,0.004969801408427094,0.004896615682191771,7.340370499155847e-05,42.631567324615766,0.06999999284744364,0.005801949009903348
573469,0.3000000119209289,2.049999952316284,3.950000047683716,2.300000011920929,4.049999952316284,-0.04999995231628418,-0.0011324502993375,-0.0051886411383748,-0.0015149192186072,-0.001035019709274346,-0.005085587932271433,-0.0012628935248986822,0.005522628068429956,0.005341289214289205,0.000289187886083593,41.5304389032237,0.06999998582261775,0.022857883938306657
574498,0.3000000119209289,-2.049999952316284,3.400000095367432,2.300000011920929,-0.04999995231628418,-0.5999999046325679,-0.0013507499825209,0.0052686985582113,-0.0016314822714775,-0.0012749762718891867,0.005225368476773343,-0.0013237563390158802,0.0056785072347161295,0.005539167000282781,0.00031986622311474524,43.58662297081493,0.06999998262950433,0.025282749919987614
574510,0.3000000119209289,-1.4500000476837158,3.400000095367432,2.300000011920929,0.5499999523162842,-0.5999999046325679,-0.0013619876699522,0.0037209005095064,-0.0042995433323085,-0.001381456743119468,0.003708588439974769,-0.004249415403902411,0.0058468952343226814,0.0058068564839461835,5.51673913868518e-05,42.73785045031602,0.07000000306538554,0.004360520928374184
574521,0.3000000119209289,-0.8999999761581421,3.400000095367432,2.300000011920929,1.100000023841858,-0.5999999046325679,-0.0013649680186063,0.0023014270700514,-0.0050589051097631,-0.0013460065955486732,0.002286292725280375,-0.0045878930207359754,0.005722955980974394,0.005299776462328234,0.0004716364828612337,43.1083224887126,0.0700000149863128,0.037278919709648486
574533,0.3000000119209289,-0.3000000119209289,3.400000095367432,2.300000011920929,1.699999988079071,-0.5999999046325679,-0.0013642782578244,0.0007628586026839,-0.0053137415088713,-0.0013612541620459152,0.0007968350913929105,-0.0050676375694791945,0.0055388678658696185,0.005307439080400214,0.00024845662785400656,45.07147027640053,0.07071069497739818,0.019638418607715456
574545,0.3000000119209289,0.3000000119209289,3.400000095367432,2.300000011920929,2.300000011920929,-0.5999999046325679,-0.0013642782578244,-0.0007628586026839,-0.0053137415088713,-0.0013618385529848745,-0.0007960861885377006,-0.005065047651274539,0.0055388678658696185,0.005305003786394327,0.000250915642054723,44.86144370342698,0.07071069329152221,0.019832783115730765
574557,0.3000000119209289,0.8999999761581421,3.400000095367432,2.300000011920929,2.899999976158142,-0.5999999046325679,-0.0013649680186063,-0.0023014270700514,-0.0050589051097631,-0.0013461991491406607,-0.002286959930031517,-0.0045813181078847584,0.005722955980974394,0.005294422865275268,0.0004781745632763379,42.8992886947355,0.07000001839229246,0.037795700288986336
574568,0.3000000119209289,1.4500000476837158,3.400000095367432,2.300000011920929,3.450000047683716,-0.5999999046325679,-0.0013619876699522,-0.0037209005095064,-0.0042995433323085,-0.0013817079989646966,-0.0037084791428376876,-0.004249792129720206,0.0058468952343226814,0.005807122152417407,5.4939638561434785e-05,42.43045073667159,0.07000001839229246,0.0043425189722047655
574580,0.3000000119209289,2.049999952316284,3.400000095367432,2.300000011920929,4.049999952316284,-0.5999999046325679,-0.0013507499825209,-0.0052686985582113,-0.0016314822714775,-0.0012661599719984205,-0.005218572587660987,-0.001346000837783406,0.0056785072347161295,0.005536097829942257,0.0003019399473203892,43.15047714589987,0.07071068317628162,0.023865827734543717
575710,0.3000000119209289,-2.049999952316284,2.799999952316284,2.300000011920929,-0.04999995231628418,-1.2000000476837158,-0.0013782678870484,0.004926370922476,-0.0017539081163704,-0.001306560328799146,0.004927976806589798,-0.0014250133870256825,0.0054078596981574755,0.005293648878824617,0.0003366248591007387,43.84624110699174,0.06708205176446476,0.02660737994346459
575722,0.3000000119209289,-1.4500000476837158,2.799999952316284,2.300000011920929,0.5499999523162842,-1.2000000476837158,-0.0013897555181756,0.0035074679180979,-0.0049514938145875,-0.0014236431318290122,0.003524586854679577,-0.00491299830285407,0.006225033541490666,0.006211845505711725,5.40678534105902e-05,42.382998687405376,0.07000000306538544,0.004273611646704332
575733,0.3000000119209289,-0.8999999761581421,2.799999952316284,2.300000011920929,1.100000023841858,-1.2000000476837158,-0.0013841661857441,0.0022127442061901,-0.0059737958945333,-0.0013741612135822563,0.0022135799243352657,-0.005463273467610273,0.0065190789488491505,0.006052735918923636,0.0005106211377177363,42.57231172298791,0.07000000817435273,0.04036033065031041
575745,0.3000000119209289,-0.3000000119209289,2.799999952316284,2.300000011920929,1.699999988079071,-1.2000000476837158,-0.0013766669435426,0.0007438019383698,-0.0063295103609561,-0.0013916461804117485,0.0007890769873613075,-0.006058142597562239,0.006520057868333395,0.006265813061034933,0.0002755261704589093,45.65647046940251,0.07141426291885274,0.02177803957007851
575757,0.3000000119209289,0.3000000119209289,2.799999952316284,2.300000011920929,2.300000011920929,-1.2000000476837158,-0.0013766669435426,-0.0007438019383698,-0.0063295103609561,-0.0013934272010320276,-0.0007908308849820348,-0.006057726040625862,0.006520057868333395,0.0062660272610717315,0.00027633194681024056,47.93676702403217,0.06708205887273348,0.021841729452004056
575769,0.3000000119209289,0.8999999761581421,2.799999952316284,2.300000011920929,2.899999976158142,-1.2000000476837158,-0.0013841661857441,-0.0022127442061901,-0.0059737958945333,-0.0013743375522822779,-0.0022136310798440027,-0.005459609924414172,0.0065190789488491505,0.006049488142977576,0.0005142806631091181,43.28901443942832,0.07071067474690697,0.04064958552816277
575780,0.3000000119209289,1.4500000476837158,2.799999952316284,2.300000011920929,3.450000047683716,-1.2000000476837158,-0.0013897555181756,-0.0035074679180979,-0.0049514938145875,-0.001424100733980918,-0.003524222325704279,-0.004911830107441414,0.006225033541490666,0.0062108196645761175,5.507734277836068e-05,42.61397275157539,0.07071065620229601,0.00435340333894272
575792,0.3000000119209289,2.049999952316284,2.799999952316284,2.300000011920929,4.049999952316284,-1.2000000476837158,-0.0013782678870484,-0.004926370922476,-0.0017539081163704,-0.0012980330563511784,-0.004919991461695153,-0.001447296407506832,0.0054078596981574755,0.005290167548359482,0.000317000103452828,43.56957987110215,0.06708207842047789,0.025056207129856824
576922,0.3000000119209289,-2.049999952316284,2.200000047683716,2.300000011920929,-0.04999995231628418,-1.7999999523162842,-0.00126640626695,0.0044500180520117,-0.0017903839470818,-0.0011945941329383788,0.004474744408823865,-0.0014477197464772172,0.004961040231057237,0.0048524514558201705,0.00035098024116534434,43.622371635635666,0.07071067474690697,0.027742052842688162
576934,0.3000000119209289,-1.4500000476837158,2.200000047683716,2.300000011920929,0.5499999523162842,-1.7999999523162842,-0.0012769210152328,0.0030937106348574,-0.005149639211595,-0.0013049395529882277,0.0031226448715279964,-0.00512581210144892,0.006141690059012235,0.006142290120955979,4.679700511331739e-05,43.10065818868245,0.0707106848621538,0.0036989118943638907
576945,0.3000000119209289,-0.8999999761581421,2.200000047683716,2.300000011920929,1.100000023841858,-1.7999999523162842,-0.0012631380232051,0.0019435004796832,-0.0062521998770534,-0.0012529051776933985,0.0019553244050557824,-0.005733884698780261,0.006668036823745192,0.00618631543426328,0.0005185510007384028,43.18158666427986,0.07071068654802495,0.040987120005244425
576957,0.3000000119209289,-0.3000000119209289,2.200000047683716,2.300000011920929,1.699999988079071,-1.7999999523162842,-0.0012492277892306,0.0006540170870721,-0.0066272290423512,-0.0012609566371507596,0.0007011290798995394,-0.006349914197686545,0.006775579178147906,0.006511758897981135,0.000281532642535619,45.188249521960245,0.0714143029811856,0.022252800956066937
576969,0.3000000119209289,0.3000000119209289,2.200000047683716,2.300000011920929,2.300000011920929,-1.7999999523162842,-0.0012492277892306,-0.0006540170870721,-0.0066272290423512,-0.001261272048343299,-0.000700524031422536,-0.00634769748419912,0.006775579178147906,0.006509593262980447,0.00028362977991268454,44.83010944101767,0.07141426291885268,0.022418562127521375
576981,0.3000000119209289,0.8999999761581421,2.200000047683716,2.300000011920929,2.899999976158142,-1.7999999523162842,-0.0012631380232051,-0.0019435004796832,-0.0062521998770534,-0.0012541388510890704,-0.00195514331032567,-0.005730370427147863,0.006668036823745192,0.006183251155666654,0.000522036890835177,42.48613611223421,0.07211101294545734,0.041262650465157
576992,0.3000000119209289,1.4500000476837158,2.200000047683716,2.300000011920929,3.450000047683716,-1.7999999523162842,-0.0012769210152328,-0.0030937106348574,-0.005149639211595,-0.0013060928623247299,-0.0031215079150045395,-0.005128381167380895,0.006141690059012235,0.006144101531257327,4.555864232110459e-05,42.691322939785955,0.07071068654802495,0.003601029671974619
577004,0.3000000119209289,2.049999952316284,2.200000047683716,2.300000011920929,4.049999952316284,-1.7999999523162842,-0.00126640626695,-0.0044500180520117,-0.0017903839470818,-0.0011831181160269193,-0.004469151601776684,-0.0014705974324042569,0.004961040231057237,0.004851364892927369,0.00033100819292036484,43.0417982829141,0.07141431466604486,0.02616342945366404
578134,0.3000000119209289,-2.049999952316284,1.600000023841858,2.300000011920929,-0.04999995231628418,-2.399999976158142,-0.0010703603038564,0.0039384406991302,-0.0017257207073271,-0.000985923596444456,0.003953628908567154,-0.00139489827033984,0.004431150897942237,0.004306851294075632,0.000341765598149756,44.04751795385129,0.06782328612162385,0.027013712373674316
578146,0.3000000119209289,-1.4500000476837158,1.600000023841858,2.300000011920929,0.5499999523162842,-2.399999976158142,-0.0010749730281531,0.0026108748279511,-0.0048551796935498,-0.0010815565685675192,0.002629139828736191,-0.004857278811767392,0.00561649394508208,0.005628081227674575,1.9528429413526703e-05,42.351696272338444,0.0699999928474477,0.0015435590303487904
578157,0.3000000119209289,-0.8999999761581421,1.600000023841858,2.300000011920929,1.100000023841858,-2.399999976158142,-0.0010557099012658,0.0016090677818283,-0.005792386829853,-0.0010378918969956615,0.0016223007442657457,-0.005278990389106367,0.0061037175318655575,0.005619325477579301,0.0005138759557931782,42.294091392082315,0.06999999795641271,0.040617596799374656
578169,0.3000000119209289,-0.3000000119209289,1.600000023841858,2.300000011920929,1.699999988079071,-2.399999976158142,-0.0010388658847659,0.000538702821359,-0.0060731177218258,-0.001031251597607778,0.0005846178314513745,-0.0058119749628015235,0.006184836450499332,0.005931636438172124,0.00026525781065129915,46.970050382036746,0.06999997752053418,0.02096641160080984
578181,0.3000000119209289,0.3000000119209289,1.600000023841858,2.300000011920929,2.300000011920929,-2.399999976158142,-0.0010388658847659,-0.000538702821359,-0.0060731177218258,-0.0010310954837315272,-0.0005833513425607823,-0.005814881748306697,0.006184836450499332,0.0059343328548565055,0.0002621825463243116,47.125544793635534,0.06999997752053413,0.020723337673966388
578193,0.3000000119209289,0.8999999761581421,1.600000023841858,2.300000011920929,2.899999976158142,-2.399999976158142,-0.0010557099012658,-0.0016090677818283,-0.005792386829853,-0.0010379254657542057,-0.0016224780000930826,-0.005272780259389904,0.0061037175318655575,0.005613549304767795,0.0005200837511101412,43.295204205653704,0.0700000081743528,0.04110827110385394
578204,0.3000000119209289,1.4500000476837158,1.600000023841858,2.300000011920929,3.450000047683716,-2.399999976158142,-0.0010749730281531,-0.0026108748279511,-0.0048551796935498,-0.0010823202857575035,-0.0026291296451379214,-0.004857582136401525,0.00561649394508208,0.005628485062944776,1.9824032800758144e-05,42.63156594616593,0.06999999795641983,0.0015669240060004795
578216,0.3000000119209289,2.049999952316284,1.600000023841858,2.300000011920929,4.049999952316284,-2.399999976158142,-0.0010703603038564,-0.0039384406991302,-0.0017257207073271,-0.0009744299913476914,-0.003949938472523686,-0.0014135699980335023,0.004431150897942237,0.0043069371813506925,0.00032676121092247546,41.57029613122362,0.06999998773847321,0.025827741043922797
579245,0.3000000119209289,-2.049999952316284,1.0499999523162842,2.300000011920929,-0.04999995231628418,-2.950000047683716,-0.0008257641457021,0.0033457220997661,-0.0016890702536329,-0.0007211294288846955,0.0033342465096805767,-0.0013643226922530323,0.0038377989935505885,0.0036740446171919633,0.0003413811531901554,43.93524408452831,0.06782328787927178,0.02698332521470225
579257,0.3000000119209289,-1.4500000476837158,1.0499999523162842,2.300000011920929,0.5499999523162842,-2.950000047683716,-0.0008216166170313,0.0020851194858551,-0.0041425083763897,-0.0007889724004762081,0.0020791980614953873,-0.004153815809015921,0.004709899445225282,0.004711658710355617,3.5050908312625226e-05,42.7059351388682,0.06999999284744363,0.0027704811739957275
579268,0.3000000119209289,-0.8999999761581421,1.0499999523162842,2.300000011920929,1.100000023841858,-2.950000047683716,-0.0008047942537814,0.0012709073489531,-0.0047404593788087,-0.0007698930698056925,0.0012659448490161538,-0.004258849278218153,0.004973414762784009,0.0045092292993664275,0.0004828985483922764,42.56653428859865,0.06999999284744263,0.03816909180606806
579280,0.3000000119209289,-0.3000000119209289,1.0499999523162842,2.300000011920929,1.699999988079071,-2.950000047683716,-0.0007922482909634,0.0004268668126314,-0.0048991693183779,-0.000749823772644588,0.00046416860242461913,-0.004684233581106675,0.004981137685348187,0.0047665220469297375,0.00022223553818569505,46.970044031814005,0.06999998773847824,0.017565860754441668
579292,0.3000000119209289,0.3000000119209289,1.0499999523162842,2.300000011920929,2.300000011920929,-2.950000047683716,-0.0007922482909634,-0.0004268668126314,-0.0048991693183779,-0.0007496567000209353,-0.000462767125195017,-0.004686479016558902,0.004981137685348187,0.0047685662575552455,0.0002198636862900099,47.12629568621177,0.0699999673025967,0.017378385697707267
579304,0.3000000119209289,0.8999999761581421,1.0499999523162842,2.300000011920929,2.899999976158142,-2.950000047683716,-0.0008047942537814,-0.0012709073489531,-0.0047404593788087,-0.0007691457324094513,-0.0012659915198738856,-0.0042521236848395575,0.004973414762784009,0.004502763098059879,0.0004896598129884326,43.57999897443221,0.06999999795641977,0.03870351322844551
579315,0.3000000119209289,1.4500000476837158,1.0499999523162842,2.300000011920929,3.450000047683716,-2.950000047683716,-0.0008216166170313,-0.0020851194858551,-0.0041425083763897,-0.000790040652459672,-0.0020778529358899153,-0.004156925158015119,0.004709899445225282,0.004713985980575703,3.5463895435502306e-05,42.63156571234897,0.06999999795641569,0.0028031243522788274
579327,0.3000000119209289,2.049999952316284,1.0499999523162842,2.300000011920929,4.049999952316284,-2.950000047683716,-0.0008257641457021,-0.0033457220997661,-0.0016890702536329,-0.0007068117954078746,-0.0033317209464354346,-0.0013852655246203611,0.0038377989935505885,0.003676806760321523,0.00032656240951078723,41.530442649632235,0.0699999775205453,0.025812027454890137
580457,0.3000000119209289,-2.049999952316284,0.449999988079071,2.300000011920929,-0.04999995231628418,-3.550000011920929,-0.0003920407034456,0.0019291962962597,-0.0017645498737692,-0.00022957553972639182,0.0019514216349890555,-0.001417764924072191,0.0026436963743363506,0.0024229751764872558,0.0003835996564653061,45.498881682458695,0.06708203399379434,0.030320344828426535
580469,0.3000000119209289,-1.4500000476837158,0.449999988079071,2.300000011920929,0.5499999523162842,-3.550000011920929,-0.0003856318653561,0.0010878593893721,-0.0028166845440864,-0.00030411662313870687,0.0010444525078566352,-0.0028347884883694508,0.0030439878132998946,0.00303634545719509,9.41097490978574e-05,44.93043904950298,0.06782330194043056,0.007438588633412431
580480,0.3000000119209289,-0.8999999761581421,0.449999988079071,2.300000011920929,1.100000023841858,-3.550000011920929,-0.0003781252016779,0.0006452710367739,-0.0030530844815075,-0.0003035017863684451,0.0006199430321170644,-0.002609564087861976,0.0031433546141447573,0.0026993086941026665,0.0004504669816000109,45.18677793411831,0.06782329666749505,0.0356056476739001
580492,0.3000000119209289,-0.3000000119209289,0.449999988079071,2.300000011920929,1.699999988079071,-3.550000011920929,-0.000373368820874,0.0002133786474587,-0.0031239055097103,-0.0002790770505861318,0.00024135798797876863,-0.002938580258112635,0.003153366511712604,0.0029616535266459403,0.00020980760310269008,48.185932387898355,0.06782327381810588,0.016583536420019095
580504,0.3000000119209289,0.3000000119209289,0.449999988079071,2.300000011920929,2.300000011920929,-3.550000011920929,-0.000373368820874,-0.0002133786474587,-0.0031239055097103,-0.0002784818854713196,-0.00024190317100514366,-0.002937288475585024,0.003153366511712604,0.0029603602641372216,0.00021128912981830961,48.7238613758432,0.0670820517644659,0.016700638716992015
580516,0.3000000119209289,0.8999999761581421,0.449999988079071,2.300000011920929,2.899999976158142,-3.550000011920929,-0.0003781252016779,-0.0006452710367739,-0.0030530844815075,-0.00030849143545561453,-0.0006189000819123152,-0.0026083775432926945,0.0031433546141447573,0.0026984880369373826,0.00045089749340066013,44.25928572660392,0.06999998433249707,0.03563967603140352
580527,0.3000000119209289,1.4500000476837158,0.449999988079071,2.300000011920929,3.450000047683716,-3.550000011920929,-0.0003856318653561,-0.0010878593893721,-0.0028166845440864,-0.00030506936304697154,-0.0010448597660887187,-0.002826831682601919,0.0030439878132998946,0.003029154437928653,9.188171091612389e-05,44.0509291813084,0.06999998262950427,0.007262480848062602
580539,0.3000000119209289,2.049999952316284,0.449999988079071,2.300000011920929,4.049999952316284,-3.550000011920929,-0.0003920407034456,-0.0019291962962597,-0.0017645498737692,-0.00020520591867178036,-0.0019493039996074607,-0.001448533113934971,0.0026436963743363506,0.002437241008622191,0.00036766581161637245,45.372510145649954,0.06708205887273354,0.029060907646667716
694587,0.8999999761581421,-2.049999952316284,4.550000190734863,2.899999976158142,-0.04999995231628418,0.5500001907348633,-0.0019542213995009,0.0037183938547968,-0.0012775319628417,-0.0018348458514451827,0.0035626634284067946,-0.0010446307236952489,0.004390617502554741,0.004141314205848297,0.00030454141651533744,45.9116043538877,0.07071066968929796,0.024071452118512613
694599,0.8999999761581421,-1.4500000476837158,4.550000190734863,2.899999976158142,0.5499999523162842,0.5500001907348633,-0.0019852123223245,0.0021442952565848,-0.0020277516450732,-0.0020219199765842345,0.0020854735859415774,-0.0017914715409073677,0.003556802896734394,0.003412730688356676,0.00024624323024832284,43.41397602727786,0.07348472440371123,0.019463468037464324
694610,0.8999999761581421,-0.8999999761581421,4.550000190734863,2.899999976158142,1.100000023841858,0.5500001907348633,-0.0020071798935532,0.0011855447664856,-0.0022217836230993,-0.0018946131116435267,0.0011415975869446984,-0.0019394619274129298,0.003220343147290035,0.0029418219628682156,0.00030709636082885733,47.80650680167178,0.07000000136240041,0.024273399099688696
694622,0.8999999761581421,-0.3000000119209289,4.550000190734863,2.899999976158142,1.699999988079071,0.5500001907348633,-0.0020175664685666,0.0003722612746059,-0.0022948132827878,-0.002036439461623989,0.00030356798470124576,-0.001909541408899947,0.0030782009217260055,0.0028081288422183506,0.00039180272428088956,42.577980673238216,0.07071067643279545,0.03096872873760752
694634,0.8999999761581421,0.3000000119209289,4.550000190734863,2.899999976158142,2.300000011920929,0.5500001907348633,-0.0020175664685666,-0.0003722612746059,-0.0022948132827878,-0.0020345762110863972,-0.0003046246080881527,-0.0019137170216336117,0.0030782009217260055,0.0028097347471712987,0.0003874253608941004,43.177460499133296,0.07071064945880125,0.03062273476944353
694646,0.8999999761581421,0.8999999761581421,4.550000190734863,2.899999976158142,2.899999976158142,0.5500001907348633,-0.0020071798935532,-0.0011855447664856,-0.0022217836230993,-0.0018916922653038253,-0.0011449485615723958,-0.001940246647006233,0.003220343147290035,0.0029417620377039243,0.0003069992069039414,47.28626846283974,0.07000000136240044,0.024265719894415075
694657,0.8999999761581421,1.4500000476837158,4.550000190734863,2.899999976158142,3.450000047683716,0.5500001907348633,-0.0019852123223245,-0.0021442952565848,-0.0020277516450732,-0.002047570171783195,-0.002103995237751179,-0.00175622017587362,0.003556802896734394,0.00342105961289795,0.0002814994345869738,43.08468226833196,0.07280111461248509,0.02225017614544212
694669,0.8999999761581421,2.049999952316284,4.550000190734863,2.899999976158142,4.049999952316284,0.5500001907348633,-0.0019542213995009,-0.0037183938547968,-0.0012775319628417,-0.0018452477726184024,-0.0035563382882420344,-0.0010168674236317164,0.004390617502554741,0.0041335820688614446,0.0003257042523653399,44.04325753572529,0.072801121162345,0.025744197309246368
695799,0.8999999761581421,-2.049999952316284,3.950000047683716,2.899999976158142,-0.04999995231628418,-0.04999995231628418,-0.0034922808408737,0.0051315384916961,-0.0012369833420962,-0.003386918461019969,0.005058720064854964,-0.0009894074765166613,0.0063292053649661026,0.0061677218250137675,0.0002787428269812831,46.42447307933031,0.07071065767743326,0.02203228936751492
695811,0.8999999761581421,-1.4500000476837158,3.950000047683716,2.899999976158142,0.5499999523162842,-0.04999995231628418,-0.0035258925054222,0.0034617511555552,-0.0030519205611199,-0.0035050074377781476,0.0034550750590793553,-0.0027651436552040614,0.0058077412247935604,0.00564523163711354,0.0002876138906265017,43.771613071376045,0.07348470007021676,0.02273347276062954
695822,0.8999999761581421,-0.8999999761581421,3.950000047683716,2.899999976158142,1.100000023841858,-0.04999995231628418,-0.003547410480678,0.0020571085624396,-0.003517335280776,-0.0034440465195833326,0.0020262385797731788,-0.0031559755623711693,0.005402542386088055,0.0050918838322863685,0.00037711789982527164,50.78664042946626,0.06708205531859819,0.029808016172476443
695834,0.8999999761581421,-0.3000000119209289,3.950000047683716,2.899999976158142,1.699999988079071,-0.04999995231628418,-0.0035569565370678,0.0006666822009719,-0.0036783828400075,-0.003518892330680025,0.000645192765446895,-0.003229016369569253,0.005160126479200266,0.004819276258365971,0.00045148743548546554,42.5486033543198,0.0700000062584899,0.03568630601956598
695846,0.8999999761581421,0.3000000119209289,3.950000047683716,2.899999976158142,2.300000011920929,-0.04999995231628418,-0.0035569565370678,-0.0006666822009719,-0.0036783828400075,-0.003515327755981511,-0.0006440420702713703,-0.0032351968035817438,0.005160126479200266,0.004820665698651896,0.0004457122320686736,43.57999545582307,0.07000000625848979,0.03522982448706159
695858,0.8999999761581421,0.8999999761581421,3.950000047683716,2.899999976158142,2.899999976158142,-0.04999995231628418,-0.003547410480678,-0.0020571085624396,-0.003517335280776,-0.0034407737598401884,-0.0020290871319844847,-0.003156645929927487,0.005402542386088055,0.005091221089534178,0.0003771649488106151,50.26720005034362,0.06708205531860253,0.029811735001300705
695869,0.8999999761581421,1.4500000476837158,3.950000047683716,2.899999976158142,3.450000047683716,-0.04999995231628418,-0.0035258925054222,-0.0034617511555552,-0.0030519205611199,-0.0035183538847122563,-0.003466280981446308,-0.002713031622551205,0.0058077412247935604,0.005635109447505792,0.0003390030424775404,43.780996001020235,0.07348467877840603,0.02679535545083156
695881,0.8999999761581421,2.049999952316284,3.950000047683716,2.899999976158142,4.049999952316284,-0.04999995231628418,-0.0034922808408737,-0.0051315384916961,-0.0012369833420962,-0.0033869783738200263,-0.005054355245568638,-0.0009666618937330543,0.0063292053649661026,0.006160565288179919,0.00030019918137048814,45.337037890302945,0.07071070340678048,0.023728234744099113
696910,0.8999999761581421,-2.049999952316284,3.400000095367432,2.899999976158142,-0.04999995231628418,-0.5999999046325679,-0.0040976707823574,0.0052799182012677,-0.0011894963681697,-0.004042009287603959,0.005275008183609395,-0.0009475810649364106,0.006788471378930043,0.006712783349166631,0.0002482847643534467,45.052810770567206,0.07280108841303025,0.019624834235277763
696922,0.8999999761581421,-1.4500000476837158,3.400000095367432,2.899999976158142,0.5499999523162842,-0.5999999046325679,-0.0041236435063183,0.0037584218662232,-0.0038048659916967,-0.0040940745404995284,0.0038112945602844332,-0.0035343957561214004,0.006753308515570415,0.00661659776088203,0.00027717141600288193,43.377626050622155,0.07348470493691325,0.02190808247126446
696933,0.8999999761581421,-0.8999999761581421,3.400000095367432,2.899999976158142,1.100000023841858,-0.5999999046325679,-0.0041230814531445,0.0023322221823036,-0.0045733647421002,-0.004066651515263384,0.0023388680645110792,-0.004177786906382606,0.006584430578355152,0.006281867700367919,0.0003996377481552483,47.666888151188104,0.07071068486215577,0.03158802185115857
696945,0.8999999761581421,-0.3000000119209289,3.400000095367432,2.899999976158142,1.699999988079071,-0.5999999046325679,-0.0041177170351147,0.0007738739368505,-0.0048408131115138,-0.004080468500126282,0.0007762156604744108,-0.00436479721387943,0.006402182911477475,0.006025295731362751,0.0004774767762195031,42.55392062839228,0.07071070340676842,0.03774054605768437
696957,0.8999999761581421,0.3000000119209289,3.400000095367432,2.899999976158142,2.300000011920929,-0.5999999046325679,-0.0041177170351147,-0.0007738739368505,-0.0048408131115138,-0.004078726676633187,-0.0007742337370623336,-0.004369647668712801,0.006402182911477475,0.006027376703921195,0.00047277611191828497,42.8992886947355,0.07000001839229246,0.03736899785597606
696969,0.8999999761581421,0.8999999761581421,3.400000095367432,2.899999976158142,2.899999976158142,-0.5999999046325679,-0.0041230814531445,-0.0023322221823036,-0.0045733647421002,-0.004065079356505243,-0.002341679846093406,-0.004173629469869074,0.006584430578355152,0.0062791335093342875,0.0004040321503105946,45.73300150184255,0.07348467087002056,0.031935362591483066
696980,0.8999999761581421,1.4500000476837158,3.400000095367432,2.899999976158142,3.450000047683716,-0.5999999046325679,-0.0041236435063183,-0.0037584218662232,-0.0038048659916967,-0.004103052814364732,-0.003820892150224989,-0.0034791134627422293,0.006753308515570415,0.006598370231182206,0.00033232698220069987,43.06332867836366,0.07348469033681895,0.026267668717338686
696992,0.8999999761581421,2.049999952316284,3.400000095367432,2.899999976158142,4.049999952316284,-0.5999999046325679,-0.0040976707823574,-0.0052799182012677,-0.0011894963681697,-0.0040425570857249024,-0.005271080868125557,-0.0009214350453160823,0.006788471378930043,0.00670638530449903,0.000273811049491425,43.76618162697747,0.07280108841303022,0.021642473601026887
698122,0.8999999761581421,-2.049999952316284,2.799999952316284,2.899999976158142,-0.04999995231628418,-1.2000000476837158,-0.0041520488448441,0.0050240298733115,-0.0011640690499916,-0.004123257660788426,0.005058926392949476,-0.0009412062464660921,0.006620833975493265,0.006593925931106447,0.00022740828603509713,46.06381659616804,0.07071067474690704,0.01797472321263461
698134,0.8999999761581421,-1.4500000476837158,2.799999952316284,2.899999976158142,0.5499999523162842,-1.2000000476837158,-0.004172483459115,0.0036040011327713,-0.0043001621961593,-0.004152378221003537,0.003689201877145546,-0.00405550448060653,0.006992126807694685,0.0068774684276133435,0.0002598476192327814,43.46710760579984,0.07348470007021483,0.020538781214201066
698145,0.8999999761581421,-0.8999999761581421,2.799999952316284,2.899999976158142,1.100000023841858,-1.2000000476837158,-0.0041420254856348,0.0022773582022637,-0.0053288484923541,-0.004117746334470514,0.0023127267094370393,-0.0049331888242851105,0.007123156727149173,0.0068294137144882605,0.0003979786192968056,47.87934190794783,0.0700000047683756,0.03145688159006888
698157,0.8999999761581421,-0.3000000119209289,2.799999952316284,2.899999976158142,1.699999988079071,-1.2000000476837158,-0.0041144490242004,0.0007653506472706,-0.0056969611905515,-0.004092806468618998,0.0007757571050326313,-0.0051989350473823255,0.007068933384370737,0.006661965888720715,0.0004986047872365552,42.57797761079181,0.070710686548029,0.03941053863661086
698169,0.8999999761581421,0.3000000119209289,2.799999952316284,2.899999976158142,2.300000011920929,-1.2000000476837158,-0.0041144490242004,-0.0007653506472706,-0.0056969611905515,-0.004091755258777295,-0.0007736717828333055,-0.005203810946509089,0.007068933384370737,0.006664883906887796,0.0004937422520761435,43.28901443942832,0.07071067474690697,0.03902619589719716
698181,0.8999999761581421,0.8999999761581421,2.799999952316284,2.899999976158142,2.899999976158142,-1.2000000476837158,-0.0041420254856348,-0.0022773582022637,-0.0053288484923541,-0.0041166907542601675,-0.0023146766530226775,-0.004933846520080928,0.007123156727149173,0.006829913049078597,0.00039756895437215726,47.32526774838924,0.07000000476837566,0.03142450100377246
698192,0.8999999761581421,1.4500000476837158,2.799999952316284,2.899999976158142,3.450000047683716,-1.2000000476837158,-0.004172483459115,-0.0036040011327713,-0.0043001621961593,-0.004159425702275581,-0.0036983424448155666,-0.004008594687461415,0.006992126807694685,0.006859110028292225,0.00030672854497128656,43.59153494776193,0.07211104270188805,0.024244326332164154
698204,0.8999999761581421,2.049999952316284,2.799999952316284,2.899999976158142,4.049999952316284,-1.2000000476837158,-0.0041520488448441,-0.0050240298733115,-0.0011640690499916,-0.004123574081151527,-0.005055488647064856,-0.0009079175085724594,0.006620833975493265,0.0065868158366329576,0.0002596422130255681,44.60749696111163,0.07280109823782163,0.02052254557131756
699334,0.8999999761581421,-2.049999952316284,2.200000047683716,2.899999976158142,-0.04999995231628418,-1.7999999523162842,-0.0038272002711892,0.0046133450232446,-0.0011746204691007,-0.0038082301485231427,0.004655671740658134,-0.000943223356854808,0.006108203292762672,0.006088313930949996,0.0002360000849930108,44.45064647700608,0.07280111461247522,0.018653833067687413
699346,0.8999999761581421,-1.4500000476837158,2.200000047683716,2.899999976158142,0.5499999523162842,-1.7999999523162842,-0.0038413505535572,0.0032356330193579,-0.0044727474451065,-0.003833891750918869,0.003329423185448089,-0.004235686897551966,0.00672538213181824,0.006612475194634491,0.0002550488819792757,41.78243350113821,0.07615775078136024,0.020159481165791172
699357,0.8999999761581421,-0.8999999761581421,2.200000047683716,2.899999976158142,1.100000023841858,-1.7999999523162842,-0.0037845051847398,0.0020344601944088,-0.0055807582102715,-0.003773201326084924,0.0020790537334620914,-0.005182919331531486,0.007043178968155578,0.006739596832968161,0.0004004898680152826,46.90538692890306,0.07071068149040335,0.0316553747998798
699369,0.8999999761581421,-0.3000000119209289,2.200000047683716,2.899999976158142,1.699999988079071,-1.7999999523162842,-0.0037369388155639,0.0006838482222519,-0.0059677925892174,-0.0037316444946899705,0.0006941437894300335,-0.005468211354587445,0.007074383965425069,0.006656451130564492,0.0004997153575100787,41.797917868822644,0.0728010785882366,0.039498319929116996
699381,0.8999999761581421,0.3000000119209289,2.200000047683716,2.899999976158142,2.300000011920929,-1.7999999523162842,-0.0037369388155639,-0.0006838482222519,-0.0059677925892174,-0.0037313340205673137,-0.0006910245118377027,-0.005473790290847109,0.007074383965425069,0.006660536659847736,0.0004940862107510222,42.48613611223421,0.07211101294545734,0.039053382953945726
699393,0.8999999761581421,0.8999999761581421,2.200000047683716,2.899999976158142,2.899999976158142,-1.7999999523162842,-0.0037845051847398,-0.0020344601944088,-0.0055807582102715,-0.003770740065157652,-0.00208184461410047,-0.005184496547369321,0.007043178968155578,0.006740293916879937,0.0003993220094518045,46.7451426081071,0.07071069834914397,0.03156306534715043
699404,0.8999999761581421,1.4500000476837158,2.200000047683716,2.899999976158142,3.450000047683716,-1.7999999523162842,-0.0038413505535572,-0.0032356330193579,-0.0044727474451065,-0.0038417083345692795,-0.003338986122341007,-0.004186650278178416,0.00672538213181824,0.006590568397707159,0.0003041933280461051,41.719937550189876,0.07549836708981697,0.024043938636057558
699416,0.8999999761581421,2.049999952316284,2.200000047683716,2.899999976158142,4.049999952316284,-1.7999999523162842,-0.0038272002711892,-0.0046133450232446,-0.0011746204691007,-0.0038107833403794103,-0.0046531491121190064,-0.0009091465795308393,0.006108203292762672,0.006082796546819545,0.00026894286967994827,42.82469497003759,0.07483315920509054,0.021257684699152287
700546,0.8999999761581421,-2.049999952316284,1.600000023841858,2.899999976158142,-0.04999995231628418,-2.399999976158142,-0.0032602697610855,0.0041265501640737,-0.001252147136256,-0.003217246337188409,0.004136078702628084,-0.0010456123291974267,0.005406075066302658,0.005343325385137565,0.00021118341454179888,46.168683365741764,0.07071065788816874,0.016692282808472767
700558,0.8999999761581421,-1.4500000476837158,1.600000023841858,2.899999976158142,0.5499999523162842,-2.399999976158142,-0.003257394535467,0.0027648210525512,-0.0043309829197824,-0.003260107797788501,0.0028349663117878143,-0.004123530040566057,0.006083770842476521,0.005972339310322539,0.00021900779958930185,43.60143767161768,0.07348470007021478,0.017310735011732577
700569,0.8999999761581421,-0.8999999761581421,1.600000023841858,2.899999976158142,1.100000023841858,-2.399999976158142,-0.0031839488074183,0.0017052142648026,-0.0052752271294593,-0.003156880455852138,0.0017425606796375422,-0.004889130549364416,0.006393223519049689,0.0060750316430030595,0.0003888418952717128,50.92664076931883,0.06708204998740179,0.03073469996562303
700581,0.8999999761581421,-0.3000000119209289,1.600000023841858,2.899999976158142,1.699999988079071,-2.399999976158142,-0.003127281088382,0.0005698285531252,-0.0055675725452601,-0.0031362136135294353,0.0005680086895815671,-0.005071887431151075,0.006411119686329564,0.005990201316766889,0.0004957689323244291,42.39712510034802,0.07000000817435281,0.039186388021849226
700593,0.8999999761581421,0.3000000119209289,1.600000023841858,2.899999976158142,2.300000011920929,-2.399999976158142,-0.003127281088382,-0.0005698285531252,-0.0055675725452601,-0.0031349757121844493,-0.0005660568075468002,-0.005078712617119712,0.006411119686329564,0.005995149278595774,0.0004889350290596846,43.29520420565368,0.0700000081743528,0.03864622512019161
700605,0.8999999761581421,0.8999999761581421,1.600000023841858,2.899999976158142,2.899999976158142,-2.399999976158142,-0.0031839488074183,-0.0017052142648026,-0.0052752271294593,-0.0031544189517080123,-0.0017454405540803847,-0.004890348353154825,0.006393223519049689,0.006075559946698512,0.0003881002952549254,50.267841260427446,0.06708204998740185,0.030676082686241304
700616,0.8999999761581421,1.4500000476837158,1.600000023841858,2.899999976158142,3.450000047683716,-2.399999976158142,-0.003257394535467,-0.0027648210525512,-0.0043309829197824,-0.0032687376883338555,-0.002846801135234557,-0.0040652345016515875,0.006083770842476521,0.005942647081236219,0.0002783372465423198,43.354293922717076,0.07348468060341803,0.022000231625653663
700628,0.8999999761581421,2.049999952316284,1.600000023841858,2.899999976158142,4.049999952316284,-2.399999976158142,-0.0032602697610855,-0.0041265501640737,-0.001252147136256,-0.0032172655077403324,-0.004132824195514445,-0.0010187290331298642,0.005406075066302658,0.005335620115906584,0.0002374294424524857,45.3370513962699,0.07071067811867884,0.018766811821249674
701657,0.8999999761581421,-2.049999952316284,1.0499999523162842,2.899999976158142,-0.04999995231628418,-2.950000047683716,-0.0025163665413856,0.0034998678602278,-0.0014148349873721,-0.002436933437379734,0.0034452019771423906,-0.0012026389670730172,0.004536841814649553,0.004387983788330091,0.00023307751460894518,46.424477975596155,0.07071064945880015,0.018422828320063946
701669,0.8999999761581421,-1.4500000476837158,1.0499999523162842,2.899999976158142,0.5499999523162842,-2.950000047683716,-0.0024912166409194,0.0022020204924046,-0.0038318156730383,-0.002482312515275079,0.0022310160734069985,-0.0036149546630826423,0.0050732500384965745,0.004920081844790248,0.0002189719726589329,43.45493565308948,0.07348469520352187,0.017307903192504845
701680,0.8999999761581421,-0.8999999761581421,1.0499999523162842,2.899999976158142,1.100000023841858,-2.950000047683716,-0.0024268475826829,0.0013412786647677,-0.0044348053634166,-0.002361128241189195,0.0013485486397263186,-0.004065137656481164,0.0052303074725606235,0.004890690561790845,0.00037553441644297886,50.81775356314058,0.06708204998740283,0.029682855053658957
701692,0.8999999761581421,-0.3000000119209289,1.0499999523162842,2.899999976158142,1.699999988079071,-2.950000047683716,-0.0023833545856177,0.0004491505678743,-0.0046012192033231,-0.002386488678151674,0.00042674911109227056,-0.004136940623197741,0.0052012819064569055,0.004794968272536106,0.00046482926732854037,42.54860684210591,0.06999999795641988,0.036740866250022014
701704,0.8999999761581421,0.3000000119209289,1.0499999523162842,2.899999976158142,2.300000011920929,-2.950000047683716,-0.0023833545856177,-0.0004491505678743,-0.0046012192033231,-0.002384394103096452,-0.0004244699745831495,-0.004144009109601708,0.0052012819064569055,0.0047998251529264785,0.00045787692896947325,43.579998974432215,0.06999999795641977,0.03619134204462201
701716,0.8999999761581421,0.8999999761581421,1.0499999523162842,2.899999976158142,2.899999976158142,-2.950000047683716,-0.0024268475826829,-0.0013412786647677,-0.0044348053634166,-0.00235762191586583,-0.0013519705669251545,-0.004065015197891984,0.0052303074725606235,0.004889841927004961,0.00037636588080846976,50.26719677069274,0.06708206064980483,0.029748575358276887
701727,0.8999999761581421,1.4500000476837158,1.0499999523162842,2.899999976158142,3.450000047683716,-2.950000047683716,-0.0024912166409194,-0.0022020204924046,-0.0038318156730383,-0.0024984298396937064,-0.002244614912429597,-0.003556460207437799,0.0050732500384965745,0.004891713092165337,0.0002787237831436209,43.78099949467753,0.07348467087002358,0.02203078411140991
701739,0.8999999761581421,2.049999952316284,1.0499999523162842,2.899999976158142,4.049999952316284,-2.950000047683716,-0.0025163665413856,-0.0034998678602278,-0.0014148349873721,-0.002437431145641739,-0.003441937004027876,-0.0011779011379985241,0.004536841814649553,0.004378978421999703,0.00025636776275553145,45.33704254024906,0.07071069497741228,0.020263727661453176
702869,0.8999999761581421,-2.049999952316284,0.449999988079071,2.899999976158142,-0.04999995231628418,-3.550000011920929,-0.0012046225601807,0.0020065733697265,-0.0016538717318326,-0.0010989234079698477,0.0019283584853880167,-0.0013924059386253103,0.002865788531267935,0.0026201132423372586,0.0002926674562155698,46.689972938368506,0.07000000817435499,0.02313291485785539
702881,0.8999999761581421,-1.4500000476837158,0.449999988079071,2.899999976158142,0.5499999523162842,-3.550000011920929,-0.0011796709150075,0.0011390737490728,-0.0026875943876802,-0.0011881666427308183,0.0010754410893361141,-0.0024656200305367237,0.0031483767351178776,0.0029406794525270153,0.00023107121846732288,43.74124683560535,0.07348469033682088,0.018264247388572855
702892,0.8999999761581421,-0.8999999761581421,0.449999988079071,2.899999976158142,1.100000023841858,-3.550000011920929,-0.0011514305369928,0.0006742480909451,-0.0029232357628643,-0.0010413384770907711,0.0006399765686329515,-0.0026135243365997905,0.0032133642953999886,0.002885214946978528,0.0003304783902978541,50.92155463044087,0.067823310728653,0.02612155298705416
702904,0.8999999761581421,-0.3000000119209289,0.449999988079071,2.899999976158142,1.699999988079071,-3.550000011920929,-0.0011343258665874,0.0002223664632765,-0.0029955212958157,-0.0011430758701021081,0.00015730774181950017,-0.002573469283286866,0.003210808285974846,0.0028203035869329846,0.0004271265633026893,43.71526930925038,0.06999999795641274,0.03376078280166444
702916,0.8999999761581421,0.3000000119209289,0.449999988079071,2.899999976158142,2.300000011920929,-3.550000011920929,-0.0011343258665874,-0.0002223664632765,-0.0029955212958157,-0.0011424160512172965,-0.00015545194887493297,-0.002579749257510774,0.003210808285974846,0.002825665580728782,0.00042119994202418433,44.25928572660393,0.06999998433249707,0.033292332953487866
702928,0.8999999761581421,0.8999999761581421,0.449999988079071,2.899999976158142,2.899999976158142,-3.550000011920929,-0.0011514305369928,-0.0006742480909451,-0.0029232357628643,-0.0010373827441695922,-0.0006441096543596224,-0.002613579518849258,0.0032133642953999886,0.0028847596270899977,0.0003313641710643527,49.86874568698456,0.06782331072865312,0.02619156654892776
702939,0.8999999761581421,1.4500000476837158,0.449999988079071,2.899999976158142,3.450000047683716,-3.550000011920929,-0.0011796709150075,-0.0011390737490728,-0.0026875943876802,-0.0012093233467107079,-0.001088737444898797,-0.0024178901120085095,0.0031483767351178776,0.00291444759338247,0.0002759590667823808,44.42450903716692,0.0707106696892896,0.021812256404169447
702951,0.8999999761581421,2.049999952316284,0.449999988079071,2.899999976158142,4.049999952316284,-3.550000011920929,-0.0012046225601807,-0.0020065733697265,-0.0016538717318326,-0.0011036669773890906,-0.0019250411198281144,-0.001365611328840452,0.002865788531267935,0.0026055245942929873,0.00031612275685796807,45.18729806322295,0.0707106730610346,0.024986860218716916
806798,1.4500000476837158,-2.049999952316284,4.550000190734863,3.450000047683716,-0.04999995231628418,0.5500001907348633,-0.0034757554531097,0.0036112370435148,-0.0009351223707199,-0.0033406264483255886,0.0035740810042835676,-0.0008279202769173511,0.0050986628445599475,0.004961783155012316,0.000176444631828083,44.64364091527304,0.07211103939562719,0.013946472552787853
806810,1.4500000476837158,-1.4500000476837158,4.550000190734863,3.450000047683716,0.5499999523162842,0.5500001907348633,-0.003534318646416,0.0021166480146348,-0.0016606515273451,-0.0034167915973511193,0.002080215659308513,-0.0018618803246233059,0.004441775614271265,0.004412296494137826,0.0002358663872419149,41.70087183060519,0.06999997070858183,0.018643265378567545
806821,1.4500000476837158,-0.8999999761581421,4.550000190734863,3.450000047683716,1.100000023841858,0.5500001907348633,-0.0035728709772229,0.0011802123626694,-0.0018648777622729,-0.00347437792116957,0.001224936716339433,-0.0016573058771563241,0.004199532987023603,0.0040396082320695295,0.00023406673704902094,43.644721321169826,0.07071069834915023,0.018501018081158862
806833,1.4500000476837158,-0.3000000119209289,4.550000190734863,3.450000047683716,1.699999988079071,0.5500001907348633,-0.0035935929045081,0.0003719112137332,-0.0019445979269221,-0.003438693275148628,0.0003290981502085564,-0.0019605076959721326,0.004102887886796468,0.003971965188541945,0.00016149295444474465,43.773317829659675,0.07071069666328336,0.012764667495391492
806845,1.4500000476837158,0.3000000119209289,4.550000190734863,3.450000047683716,2.300000011920929,0.5500001907348633,-0.0035935929045081,-0.0003719112137332,-0.0019445979269221,-0.0034409988526444032,-0.0003285333386083798,-0.001956142931031415,0.004102887886796468,0.003971763138091374,0.00015905933432027548,42.551393788609005,0.0707106393435584,0.012572310176734776
806857,1.4500000476837158,0.8999999761581421,4.550000190734863,3.450000047683716,2.899999976158142,0.5500001907348633,-0.0035728709772229,-0.0011802123626694,-0.0018648777622729,-0.003481931976666869,-0.0012267740587242957,-0.0016458119311156011,0.004199532987023603,0.004041970038718323,0.00024171829004499524,43.084682268331974,0.07280111461248509,0.019105809356126813
806868,1.4500000476837158,1.4500000476837158,4.550000190734863,3.450000047683716,3.450000047683716,0.5500001907348633,-0.003534318646416,-0.0021166480146348,-0.0016606515273451,-0.0034167913370465705,-0.0020802158123356188,-0.0018618804286666384,0.004441775614271265,0.004412296408613036,0.00023586658207355165,41.700872215298894,0.06999997070858176,0.018643280778379068
806880,1.4500000476837158,2.049999952316284,4.550000190734863,3.450000047683716,4.049999952316284,0.5500001907348633,-0.0034757554531097,-0.0036112370435148,-0.0009351223707199,-0.0033395998202686104,-0.003575179491923065,-0.0008318790478960146,0.0050986628445599475,0.004962545527179956,0.0001746358699948703,44.16599892321415,0.07211106253951413,0.013803505056411937
808010,1.4500000476837158,-2.049999952316284,3.950000047683716,3.450000047683716,-0.04999995231628418,-0.04999995231628418,-0.0058814547955989,0.0050896778702735,-0.0004454808949958,-0.005796212380918722,0.0050883284232956915,-0.0003012582294461803,0.007790685756955631,0.007718673501894179,0.00016753586937098193,45.135899728991205,0.07071069497739416,0.013242309383866257
808022,1.4500000476837158,-1.4500000476837158,3.950000047683716,3.450000047683716,0.5499999523162842,-0.04999995231628418,-0.0059210527688264,0.0034761754795908,-0.0022085483651608,-0.005845805995607381,0.0035060914762807213,-0.0024445758152569223,0.007212513274676834,0.007241690140765937,0.0002495315630069738,43.00164146536222,0.06708203399379298,0.01972338324195546
808033,1.4500000476837158,-0.8999999761581421,3.950000047683716,3.450000047683716,1.100000023841858,-0.04999995231628418,-0.0059472280554473,0.0020739596802741,-0.0026929448358714,-0.005874419718056565,0.002095437623199094,-0.002430881333962791,0.006850020597629511,0.00669394128420759,0.0002728362788532635,43.55573104220107,0.07280109823782159,0.02156542613401396
808045,1.4500000476837158,-0.3000000119209289,3.950000047683716,3.450000047683716,1.699999988079071,-0.04999995231628418,-0.005964012350887,0.000672924274113,-0.0028679526876658,-0.005832765007653718,0.0007022055593740921,-0.0028694888074283875,0.006651873647245014,0.006538211246058232,0.0001344827811887509,43.90267125603432,0.07071067980452912,0.010629739183558284
808057,1.4500000476837158,0.3000000119209289,3.950000047683716,3.450000047683716,2.300000011920929,-0.04999995231628418,-0.005964012350887,-0.000672924274113,-0.0028679526876658,-0.00583322999038033,-0.0007020204825219686,-0.0028712372796215607,0.006651873647245014,0.0065393737004732725,0.00013402016157202084,42.631567324615744,0.06999999284744364,0.010593172971708928
808069,1.4500000476837158,0.8999999761581421,3.950000047683716,3.450000047683716,2.899999976158142,-0.04999995231628418,-0.0059472280554473,-0.0020739596802741,-0.0026929448358714,-0.00587780282937821,-0.002094564917902857,-0.002414000245518761,0.006850020597629511,0.006690528042069664,0.0002881918151500548,43.780996001020235,0.07348467877840603,0.02277915286107697
808080,1.4500000476837158,1.4500000476837158,3.950000047683716,3.450000047683716,3.450000047683716,-0.04999995231628418,-0.0059210527688264,-0.0034761754795908,-0.0022085483651608,-0.005846371361245601,-0.0035063076439184205,-0.002442946566468081,0.007212513274676834,0.007241701410166789,0.00024784627643239826,43.001640785370405,0.06708203399379302,0.019590175432160482
808092,1.4500000476837158,2.049999952316284,3.950000047683716,3.450000047683716,4.049999952316284,-0.04999995231628418,-0.0058814547955989,-0.0050896778702735,-0.0004454808949958,-0.005797707562932451,-0.005087249024333732,-0.0002929446043634232,0.007790685756955631,0.007718764937611088,0.00017403108409641188,43.859029101321845,0.07211102286426432,0.013755701788917907
809121,1.4500000476837158,-2.049999952316284,3.400000095367432,3.450000047683716,-0.04999995231628418,-0.5999999046325679,-0.0067001255229115,0.005387544631958,5.825361586175859e-05,-0.006703663656157646,0.0054472810775870574,0.00022171203495591075,0.008597715549369526,0.008640667438315817,0.00017406784911643016,43.079396519499035,0.07348466600332482,0.013758607756287247
809133,1.4500000476837158,-1.4500000476837158,3.400000095367432,3.450000047683716,0.5499999523162842,-0.5999999046325679,-0.0067019332200288,0.0038611879572272,-0.0024795762728899,-0.006677023018450799,0.00394283527246105,-0.0027223679995715924,0.008122375257265606,0.008218264652575764,0.0002573608843096204,44.52652058271844,0.06708205531859825,0.02034222561490284
809144,1.4500000476837158,-0.8999999761581421,3.400000095367432,3.450000047683716,1.100000023841858,-0.5999999046325679,-0.006678438745439,0.0023938219528645,-0.0032636886462569,-0.006668114135928644,0.002416041372839771,-0.003013800192194086,0.007809199139367816,0.007706101066266521,0.0002510867174095076,42.50089878986971,0.07348467573671993,0.019846305191836125
809156,1.4500000476837158,-0.3000000119209289,3.400000095367432,3.450000047683716,1.699999988079071,-0.5999999046325679,-0.0066665513440966,0.0007930060965009,-0.0035463275853544,-0.006585598605729012,0.0008553844090721964,-0.00354914192687088,0.0075926414926038325,0.007529820708365933,0.0001022365895686319,43.14494903952886,0.07211101625172546,0.008080947408469836
809168,1.4500000476837158,0.3000000119209289,3.400000095367432,3.450000047683716,2.300000011920929,-0.5999999046325679,-0.0066665513440966,-0.0007930060965009,-0.0035463275853544,-0.006586329156324831,-0.0008550863153042932,-0.0035574097469667568,0.0075926414926038325,0.007534326012981474,0.00010204100785257142,42.43045073667161,0.07000001839229246,0.008065488309450477
809180,1.4500000476837158,0.8999999761581421,3.400000095367432,3.450000047683716,2.899999976158142,-0.5999999046325679,-0.006678438745439,-0.0023938219528645,-0.0032636886462569,-0.006670617468627183,-0.002416031126394006,-0.0030013281988878872,0.007809199139367816,0.007703396314217414,0.0002634149276398344,43.06332867836368,0.07348469033681895,0.020820747110645958
809191,1.4500000476837158,1.4500000476837158,3.400000095367432,3.450000047683716,3.450000047683716,-0.5999999046325679,-0.0067019332200288,-0.0038611879572272,-0.0024795762728899,-0.006677108100181699,-0.003942781862976546,-0.0027222245456378826,0.008122375257265606,0.008218260635767295,0.00025720038160631764,44.52651832759554,0.06708206064980062,0.020329539218478826
809203,1.4500000476837158,2.049999952316284,3.400000095367432,3.450000047683716,4.049999952316284,-0.5999999046325679,-0.0067001255229115,-0.005387544631958,5.825361586175859e-05,-0.006703292770978456,-0.005446376825435356,0.00022131693673870748,0.008597715549369526,0.00863979951645747,0.00017338080939104374,42.61112213960603,0.07348467087002838,0.013704303011657143
810333,1.4500000476837158,-2.049999952316284,2.799999952316284,3.450000047683716,-0.04999995231628418,-1.2000000476837158,-0.0067290388979017,0.0052869515493512,0.0004659749392885,-0.006767779251518401,0.005388225217794528,0.0005759523755001366,0.008570236508913047,0.00866992088394145,0.0001544415986514025,45.07445629677554,0.07141429463486662,0.012207316789887422
810345,1.4500000476837158,-1.4500000476837158,2.799999952316284,3.450000047683716,0.5499999523162842,-1.2000000476837158,-0.0067036235705018,0.00380514934659,-0.0025762340519577,-0.006708758966663641,0.00391381507423401,-0.002837227572859493,0.008127405023456626,0.008268933160226012,0.0002827582547174453,41.700877651474784,0.06999997411455859,0.022349675349337555
810356,1.4500000476837158,-0.8999999761581421,2.799999952316284,3.450000047683716,1.100000023841858,-1.2000000476837158,-0.0066225724294781,0.0023918529041111,-0.0036127513740211,-0.006649034256396612,0.002423362025637226,-0.003413721950838032,0.007914000150940074,0.007857215639631486,0.0002032381960060613,43.70347021409571,0.07071067811865482,0.016064279728489412
810368,1.4500000476837158,-0.3000000119209289,2.799999952316284,3.450000047683716,1.699999988079071,-1.2000000476837158,-0.006571639329195,0.0008002648246474,-0.0039937691763043,-0.006525812752607748,0.0008752513458837516,-0.0040327908120147814,0.00773156255204527,0.007721120303041526,9.615477909266223e-05,44.02819327808454,0.07071068486215284,0.007600231152069289
810380,1.4500000476837158,0.3000000119209289,2.799999952316284,3.450000047683716,2.300000011920929,-1.2000000476837158,-0.006571639329195,-0.0008002648246474,-0.0039937691763043,-0.00652701318545398,-0.00087447667725171,-0.004028931659208672,0.00773156255204527,0.007720032441429327,9.346278390973757e-05,42.61397275157535,0.07071065620229601,0.007387451445812903
810392,1.4500000476837158,0.8999999761581421,2.799999952316284,3.450000047683716,2.899999976158142,-1.2000000476837158,-0.0066225724294781,-0.0023918529041111,-0.0036127513740211,-0.006651377786813026,-0.002423147302006221,-0.0033980484821520265,0.007914000150940074,0.00785233740978987,0.00021887535203342115,43.59153494776196,0.07211104270188805,0.017300266140089185
810403,1.4500000476837158,1.4500000476837158,2.799999952316284,3.450000047683716,3.450000047683716,-1.2000000476837158,-0.0067036235705018,-0.00380514934659,-0.0025762340519577,-0.006707978698830596,-0.003914463192099575,-0.002837180056083487,0.008127405023456626,0.008268590628208975,0.0002829510576620395,41.7008780361698,0.06999997411455852,0.022364914809711162
810415,1.4500000476837158,2.049999952316284,2.799999952316284,3.450000047683716,4.049999952316284,-1.2000000476837158,-0.0067290388979017,-0.0052869515493512,0.0004659749392885,-0.006769044471337337,-0.005386846849877322,0.0005835003126271983,0.008570236508913047,0.008670556767233106,0.0001593478281983124,44.17845534846828,0.07211102286428002,0.01259511320514093
811545,1.4500000476837158,-2.049999952316284,2.200000047683716,3.450000047683716,-0.04999995231628418,-1.7999999523162842,-0.0062595722265541,0.0049832337535917,0.0005720586050301,-0.006293107864445844,0.005092354902024288,0.0006698455562167994,0.008021353635763234,0.00812305226567602,0.00015031417719710646,43.91199532863185,0.07280109168795854,0.011881078641241374
811557,1.4500000476837158,-1.4500000476837158,2.200000047683716,3.450000047683716,0.5499999523162842,-1.7999999523162842,-0.0062150177545845,0.0035073298495262,-0.002632139949128,-0.006225645457613417,0.003619315356448198,-0.002912128951365045,0.007606311134510183,0.00776779248195411,0.0003017408543865805,43.04361801892472,0.0700000286102306,0.02385009110312541
811568,1.4500000476837158,-0.8999999761581421,2.200000047683716,3.450000047683716,1.100000023841858,-1.7999999523162842,-0.0060881110839545,0.0021882494911551,-0.0037450657691806,-0.0061249950031447955,0.0022270356239782576,-0.003565118879786021,0.007475229094924012,0.007428682526937309,0.0001877383034891835,42.81276211720878,0.07211103278307587,0.014839142849468804
811580,1.4500000476837158,-0.3000000119209289,2.200000047683716,3.450000047683716,1.699999988079071,-1.7999999523162842,-0.0060040005482733,0.0007307574851438,-0.0041436194442212,-0.005969929836126085,0.0008013124258580931,-0.004198320526904992,0.007331549030340572,0.007342210777329592,9.555637881478589e-05,42.10935414098889,0.07280109168795852,0.007552932614479807
811592,1.4500000476837158,0.3000000119209289,2.200000047683716,3.450000047683716,2.300000011920929,-1.7999999523162842,-0.0060040005482733,-0.0007307574851438,-0.0041436194442212,-0.005970767969923106,-0.000800905822362435,-0.004202114996729105,0.007331549030340572,0.0073450180893371115,9.719528353549972e-05,42.691322939785955,0.07071068654802495,0.007682474326614979
811604,1.4500000476837158,0.8999999761581421,2.200000047683716,3.450000047683716,2.899999976158142,-1.7999999523162842,-0.0060881110839545,-0.0021882494911551,-0.0037450657691806,-0.006129445217569514,-0.0022263421021218774,-0.0035352844190550702,0.007475229094924012,0.007417879330002599,0.00021718142754954952,41.719937550189876,0.07549836708981697,0.017166375575802542
811615,1.4500000476837158,1.4500000476837158,2.200000047683716,3.450000047683716,3.450000047683716,-1.7999999523162842,-0.0062150177545845,-0.0035073298495262,-0.002632139949128,-0.006225645533581001,-0.0036193153975392087,-0.002912128924148878,0.007606311134510183,0.00776779255178239,0.00030174084705822347,43.043618393249176,0.07000002861022958,0.023850090523880072
811627,1.4500000476837158,2.049999952316284,2.200000047683716,3.450000047683716,4.049999952316284,-1.7999999523162842,-0.0062595722265541,-0.0049832337535917,0.0005720586050301,-0.006291723554389632,-0.005092508259255793,0.0006682993299626181,0.008021353635763234,0.008121948636249694,0.00014912042987215562,43.67773814191844,0.07280113426206322,0.011786722898423354
812757,1.4500000476837158,-2.049999952316284,1.600000023841858,3.450000047683716,-0.04999995231628418,-2.399999976158142,-0.0054434854537248,0.0045365509577095,0.0002515955711714,-0.005422419906356317,0.004620857192779781,0.00033560886140070146,0.007090495667317028,0.0071321519995555735,0.00012086989489865604,45.13590627927201,0.070710686548029,0.009553754365873322
812769,1.4500000476837158,-1.4500000476837158,1.600000023841858,3.450000047683716,0.5499999523162842,-2.399999976158142,-0.0053725065663456,0.0030577240977436,-0.0027508249040693,-0.0053564084285631156,0.0031441823231742137,-0.003052464550041046,0.00676613191684853,0.006920587660321952,0.00031419842585002697,43.36686872492961,0.06708203399379721,0.024834757945575058
812780,1.4500000476837158,-0.8999999761581421,1.600000023841858,3.450000047683716,1.100000023841858,-2.399999976158142,-0.0052186213433742,0.001868846360594,-0.0037039131857454,-0.00523182836435841,0.0019080541274434496,-0.0035223078564276633,0.006666750957742821,0.006589336174669738,0.0001862583421519739,43.555723518810815,0.07280111788740624,0.014722164282568046
812792,1.4500000476837158,-0.3000000119209289,1.600000023841858,3.450000047683716,1.699999988079071,-2.399999976158142,-0.0051191560924053,0.0006193767185322,-0.0040081473998725,-0.005067170854770482,0.0006750808199754983,-0.004074965268658749,0.006531051385265216,0.006537376884172219,0.00010134120306514105,43.98637380117016,0.07071066800341697,0.008010174593419057
812804,1.4500000476837158,0.3000000119209289,1.600000023841858,3.450000047683716,2.300000011920929,-2.399999976158142,-0.0051191560924053,-0.0006193767185322,-0.0040081473998725,-0.005067426880160295,-0.0006741959544792176,-0.004077582946478985,0.006531051385265216,0.006539115999599907,0.00010248099902833187,42.63156594616594,0.06999999795641983,0.008100265932281138
812816,1.4500000476837158,0.8999999761581421,1.600000023841858,3.450000047683716,2.899999976158142,-2.399999976158142,-0.0052186213433742,-0.001868846360594,-0.0037039131857454,-0.005235793908981905,-0.0019067968340200912,-0.0035031395432660217,0.006666750957742821,0.006581899321864103,0.00020504924032351985,43.354293922717105,0.07348468060341803,0.016207427636156718
812827,1.4500000476837158,1.4500000476837158,1.600000023841858,3.450000047683716,3.450000047683716,-2.399999976158142,-0.0053725065663456,-0.0030577240977436,-0.0027508249040693,-0.005356583138664843,-0.003143770527863953,-0.0030528699838854624,0.00676613191684853,0.006920714644587171,0.00031446585494567273,43.366866837062815,0.06708203932500127,0.024855895979096387
812839,1.4500000476837158,2.049999952316284,1.600000023841858,3.450000047683716,4.049999952316284,-2.399999976158142,-0.0054434854537248,-0.0045365509577095,0.0002515955711714,-0.005424923351898436,-0.004621169253007327,0.00034830212314194514,0.007090495667317028,0.007134866011909294,0.00012983437417477103,43.696135858220025,0.07211102286426825,0.01026232148338239
813868,1.4500000476837158,-2.049999952316284,1.0499999523162842,3.450000047683716,-0.04999995231628418,-2.950000047683716,-0.0042685605585575,0.0038542032707482,-0.000434354878962,-0.0041636302970374335,0.0038972603880428535,-0.0002770416613315491,0.005767508669711467,0.005709746742608581,0.0001939374217979622,45.135905526133314,0.07071068654802498,0.015329131309016296
813880,1.4500000476837158,-1.4500000476837158,1.0499999523162842,3.450000047683716,0.5499999523162842,-2.950000047683716,-0.0041722855530679,0.0024406157899647,-0.0028015940915793,-0.004103963952548646,0.0024729894105620744,-0.003075689193085937,0.005586904476052563,0.0056936860434200695,0.0002843308232992493,43.00164147005596,0.06708203399379298,0.02247397374445606
813891,1.4500000476837158,-0.8999999761581421,1.0499999523162842,3.450000047683716,1.100000023841858,-2.950000047683716,-0.0040350384078919,0.0014695234131067,-0.0034140399657189,-0.004007707695282199,0.001490033227125609,-0.003181495058545131,0.005486046199437029,0.005329524443729441,0.00023504202640230371,43.55573140997981,0.07280109823782166,0.018578106548264153
813903,1.4500000476837158,-0.3000000119209289,1.0499999523162842,3.450000047683716,1.699999988079071,-2.950000047683716,-0.0039556226693093,0.0004870561824645,-0.0035885209217667,-0.0038674983072736983,0.0005134171783280014,-0.0036340969718302845,0.005362989542483544,0.0053317727967753135,0.00010265467172270168,43.961430451502366,0.07071067811865578,0.008113993306359354
813915,1.4500000476837158,0.3000000119209289,1.0499999523162842,3.450000047683716,2.300000011920929,-2.950000047683716,-0.0039556226693093,-0.0004870561824645,-0.0035885209217667,-0.0038672823354630598,-0.0005127790329658062,-0.003637385407521567,0.005362989542483544,0.005333796734192708,0.0001041797369456522,42.631565712349,0.06999999795641569,0.008234536958227519
813927,1.4500000476837158,0.8999999761581421,1.0499999523162842,3.450000047683716,2.899999976158142,-2.950000047683716,-0.0040350384078919,-0.0014695234131067,-0.0034140399657189,-0.0040134897712723145,-0.0014892162778569087,-0.003161988364385582,0.005486046199437029,0.005322033040375763,0.00025373640337350643,43.78099949467756,0.07348467087002358,0.02005574070816525
813938,1.4500000476837158,1.4500000476837158,1.0499999523162842,3.450000047683716,3.450000047683716,-2.950000047683716,-0.0041722855530679,-0.0024406157899647,-0.0028015940915793,-0.0041034191666748515,-0.0024727898276158144,-0.0030768447271877133,0.005586904476052563,0.005693831035798095,0.0002855532529607176,43.00163849841409,0.06708203932499701,0.022570596586107553
813950,1.4500000476837158,2.049999952316284,1.0499999523162842,3.450000047683716,4.049999952316284,-2.950000047683716,-0.0042685605585575,-0.0038542032707482,-0.000434354878962,-0.004166875696280838,-0.003898999063915921,-0.00026637754669137196,0.005767508669711467,0.005712792991703311,0.0002014022305201854,43.696135118793094,0.07211102286426432,0.015919162010872578
815080,1.4500000476837158,-2.049999952316284,0.449999988079071,3.450000047683716,-0.04999995231628418,-3.550000011920929,-0.0020887039136141,0.0021889077033847,-0.001281913020648,-0.0018430145574355676,0.0022725337873924314,-0.0010550136900747261,0.003285924826466762,0.0031103321944777377,0.0003447316171755788,45.45285013256323,0.07000000476837669,0.027248151373070954
815092,1.4500000476837158,-1.4500000476837158,0.449999988079071,3.450000047683716,0.5499999523162842,-3.550000011920929,-0.0020202246960252,0.0012468582717701,-0.0022886586375534,-0.001912631950416453,0.0012112172668670873,-0.0025509950764130945,0.0032975629988765062,0.0034106867527221954,0.00028577418933786036,44.852029965360266,0.0670820446561954,0.022588059759046337
815103,1.4500000476837158,-0.8999999761581421,0.449999988079071,3.450000047683716,1.100000023841858,-3.550000011920929,-0.0019578905776143,0.0007299925782717,-0.002522945869714,-0.001836167257650042,0.0007305964165521744,-0.0022523388142869738,0.003275893853553493,0.0029963830623417637,0.0002967239621107061,44.465248590281206,0.06999999455044016,0.02345354772461136
815115,1.4500000476837158,-0.3000000119209289,0.449999988079071,3.450000047683716,1.699999988079071,-3.550000011920929,-0.0019242243142798,0.0002387666754657,-0.0025953527074307,-0.001798208157040183,0.0002304867183929698,-0.002609486058090398,0.0032396765907951944,0.0031774351591762778,0.0001270762809317149,44.36108560706985,0.07071067137515907,0.010044317278245727
815127,1.4500000476837158,0.3000000119209289,0.449999988079071,3.450000047683716,2.300000011920929,-3.550000011920929,-0.0019242243142798,-0.0002387666754657,-0.0025953527074307,-0.0017976866251063217,-0.0002299839361281178,-0.002612056186173233,0.0032396765907951944,0.003179214892499246,0.0001279372091837945,44.05092918130837,0.06999998262950427,0.01011236645669422
815139,1.4500000476837158,0.8999999761581421,0.449999988079071,3.450000047683716,2.899999976158142,-3.550000011920929,-0.0019578905776143,-0.0007299925782717,-0.002522945869714,-0.0018469728887721077,-0.0007316535494017335,-0.0022364279712726795,0.003275893853553493,0.002991360198789536,0.0003072425729784514,44.424509037166935,0.0707106696892896,0.024284955947352867
815150,1.4500000476837158,1.4500000476837158,0.449999988079071,3.450000047683716,3.450000047683716,-3.550000011920929,-0.0020202246960252,-0.0012468582717701,-0.0022886586375534,-0.0019126313574801472,-0.001211238419244053,-0.002550949169900228,0.0032975629988765062,0.0034106595968058503,0.00028572963401094734,44.85202811202623,0.06708204998739861,0.02258453803306672
815162,1.4500000476837158,2.049999952316284,0.449999988079071,3.450000047683716,4.049999952316284,-3.550000011920929,-0.0020887039136141,-0.0021889077033847,-0.001281913020648,-0.001847403226808535,-0.002274538994107891,-0.0010554390489443744,0.003285924826466762,0.0031145429687478277,0.0003418321214616493,44.6041783674074,0.07071070340677639,0.027018970485150014
929210,2.049999952316284,-2.049999952316284,4.550000190734863,4.049999952316284,-0.04999995231628418,0.5500001907348633,-0.0058290660381317,0.0035264824982732,0.0002648925292305,-0.005612983638411729,0.0035108613492491297,0.00043000419613903004,0.006817936472245082,0.006634503474068453,0.0002723921553842674,48.85916146951083,0.07280109496289851,0.021530321887961078
929222,2.049999952316284,-1.4500000476837158,4.550000190734863,4.049999952316284,0.5499999523162842,0.5500001907348633,-0.0059304311871528,0.0021060185972601,-0.0004506019467953,-0.005750295664428605,0.0020993577874922767,-0.00036102427444636547,0.00630938749103395,0.00613217268796227,0.00020128917585736012,45.411504880159576,0.07348471467032251,0.015910225985243904
929233,2.049999952316284,-0.8999999761581421,4.550000190734863,4.049999952316284,1.100000023841858,0.5500001907348633,-0.0060109701007604,0.0011815133038908,-0.0006515511195175,-0.005722649392740296,0.0011590114078937489,-0.0004398467818089271,0.00616054008191254,0.005855381175237561,0.00035840464924621413,44.4918409951555,0.07280111461248517,0.02832889021171299
929245,2.049999952316284,-0.3000000119209289,4.550000190734863,4.049999952316284,1.699999988079071,0.5500001907348633,-0.0060568689368665,0.0003733194025699,-0.0007248289184644,-0.005814805022442099,0.00029047490345307427,-0.0005564772356211686,0.006111497824245358,0.005848589576326801,0.0003062685730148127,43.569563900861645,0.06708209619114773,0.02420796939571587
929257,2.049999952316284,0.3000000119209289,4.550000190734863,4.049999952316284,2.300000011920929,0.5500001907348633,-0.0060568689368665,-0.0003733194025699,-0.0007248289184644,-0.005814804927710597,-0.00029047535033148046,-0.0005564772198598624,0.006111497824245358,0.0058485895028374665,0.0003062685356724455,43.56956419468026,0.06708209619114772,0.02420796644411403
929269,2.049999952316284,0.8999999761581421,4.550000190734863,4.049999952316284,2.899999976158142,0.5500001907348633,-0.0060109701007604,-0.0011815133038908,-0.0006515511195175,-0.005722635209150886,-0.0011603127370610504,-0.00043914415531071815,0.00616054008191254,0.005855572301145557,0.0003587522713473936,44.04325753572526,0.072801121162345,0.02835636683167367
929280,2.049999952316284,1.4500000476837158,4.550000190734863,4.049999952316284,3.450000047683716,0.5500001907348633,-0.0059304311871528,-0.0021060185972601,-0.0004506019467953,-0.005760809321642925,-0.0021052957021043673,-0.00034626047373111855,0.00630938749103395,0.006143214984785706,0.00019914628502098528,44.16599892321415,0.07211106253951413,0.015740848385463815
929292,2.049999952316284,2.049999952316284,4.550000190734863,4.049999952316284,4.049999952316284,0.5500001907348633,-0.0058290660381317,-0.0035264824982732,0.0002648925292305,-0.0056178429849452465,-0.003509091075040753,0.00042912808577687576,0.006817936472245082,0.006637622382331771,0.00026812489223038437,48.832040497493765,0.07280110151276127,0.02119303042244832
930422,2.049999952316284,-2.049999952316284,3.950000047683716,4.049999952316284,-0.04999995231628418,-0.04999995231628418,-0.0087463576346635,0.0052467100322246,0.0023446965496987,-0.00869870597019668,0.005431300080141614,0.0024157785650911565,0.010465387711205532,0.010535772026388742,0.00020346208449909661,49.37151514375134,0.07071068991977318,0.016081976241501178
930434,2.049999952316284,-1.4500000476837158,3.950000047683716,4.049999952316284,0.5499999523162842,-0.04999995231628418,-0.00873195938766,0.003554472932592,0.0006446073530241,-0.008556111588238484,0.0036477124802224356,0.0007529836590034737,0.009449704292508073,0.009331657743374735,0.00022663072497226193,45.28521142372758,0.0734846757367238,0.017913263513302337
930445,2.049999952316284,-0.8999999761581421,3.950000047683716,4.049999952316284,1.100000023841858,-0.04999995231628418,-0.0087799485772848,0.0021100107114762,0.0001724284520605,-0.008574000019266738,0.0021312005243101883,0.00034161037944755167,0.00903157648439018,0.008841503811940158,0.0002673692975493945,45.3370388000014,0.0707106899197732,0.021133306981897717
930457,2.049999952316284,-0.3000000119209289,3.950000047683716,4.049999952316284,1.699999988079071,-0.04999995231628418,-0.0088220695033669,0.0006834474625065,9.864192179520614e-06,-0.0085925566540008,0.000635867843960647,0.0001563833077196421,0.008848508804229684,0.008617471410229912,0.00027641964355626933,41.53043877714271,0.06999998582261775,0.02184866114637632
930469,2.049999952316284,0.3000000119209289,3.950000047683716,4.049999952316284,2.300000011920929,-0.04999995231628418,-0.0088220695033669,-0.0006834474625065,9.864192179520614e-06,-0.008592556578238196,-0.0006358681571922327,0.00015638329427051235,0.008848508804229684,0.008617471357555095,0.00027641964541774667,41.530438903223676,0.06999998582261775,0.021848661293510537
930481,2.049999952316284,0.8999999761581421,3.950000047683716,4.049999952316284,2.899999976158142,-0.04999995231628418,-0.0087799485772848,-0.0021100107114762,0.0001724284520605,-0.008574000015814065,-0.0021312006541233668,0.0003416102266386056,0.00903157648439018,0.008841503833978671,0.000267369213804904,45.33703789030296,0.07071070340678048,0.021133300362596093
930492,2.049999952316284,1.4500000476837158,3.950000047683716,4.049999952316284,3.450000047683716,-0.04999995231628418,-0.00873195938766,-0.003554472932592,0.0006446073530241,-0.008563561674896211,-0.0036522764566911934,0.0007715440639833702,0.009449704292508073,0.009341787415613778,0.00023245698006180545,43.85902910132184,0.07211102286426432,0.018373780253596424
930504,2.049999952316284,2.049999952316284,3.950000047683716,4.049999952316284,4.049999952316284,-0.04999995231628418,-0.0087463576346635,-0.0052467100322246,0.0023446965496987,-0.008701694031829599,-0.005429801689659318,0.002415168463329073,0.010465387711205532,0.010537327180972667,0.00020120557410525068,49.37152599598872,0.07071067980453613,0.015903617965894838
931533,2.049999952316284,-2.049999952316284,3.400000095367432,4.049999952316284,-0.04999995231628418,-0.5999999046325679,-0.0096173342317342,0.0057947603054344,0.0040223491378128,-0.009666395730550722,0.006072031557369242,0.004034514769196827,0.011926929919672874,0.01210727397377975,0.0002818410552112843,48.44766160623476,0.07211102286426829,0.022277178398846204
931545,2.049999952316284,-1.4500000476837158,3.400000095367432,4.049999952316284,0.5499999523162842,-0.5999999046325679,-0.0094920685514807,0.0040545128285884,0.0015969298547133,-0.009383120775179403,0.0042256296470982845,0.0016912482682638014,0.010444549996245481,0.010428768963830036,0.00022371085506212195,44.45126799076506,0.0734846952035181,0.017682472215558832
931556,2.049999952316284,-0.8999999761581421,3.400000095367432,4.049999952316284,1.100000023841858,-0.5999999046325679,-0.0094515150412917,0.0024774111807346,0.0008429714944213,-0.009325127692914797,0.0025494267706407383,0.0009680038522878238,0.009807104754951836,0.00971568910608353,0.00019181526929036707,44.097958928106344,0.072111042701892,0.015161392900693155
931568,2.049999952316284,-0.3000000119209289,3.400000095367432,4.049999952316284,1.699999988079071,-0.5999999046325679,-0.0094504281878471,0.0008155902614817,0.0005801084334962,-0.009289157893301066,0.0007789876900477334,0.0007208063724090916,0.009503278708050828,0.009349590259173337,0.00021712615262302863,43.15048208470575,0.07071066968928957,0.01716200655512113
931580,2.049999952316284,0.3000000119209289,3.400000095367432,4.049999952316284,2.300000011920929,-0.5999999046325679,-0.0094504281878471,-0.0008155902614817,0.0005801084334962,-0.00928915789338637,-0.0007789880090273775,0.0007208064297525537,0.009503278708050828,0.009349590290255684,0.0002171261359457526,43.15047714589987,0.07071068317628162,0.01716200523692193
931592,2.049999952316284,0.8999999761581421,3.400000095367432,4.049999952316284,2.899999976158142,-0.5999999046325679,-0.0094515150412917,-0.0024774111807346,0.0008429714944213,-0.009325092892053867,-0.0025501069657058355,0.000971751060717132,0.009807104754951836,0.009716208267939702,0.00019455439770367478,43.7661816269775,0.07280108841303022,0.015377898094639651
931603,2.049999952316284,1.4500000476837158,3.400000095367432,4.049999952316284,3.450000047683716,-0.5999999046325679,-0.0094920685514807,-0.0040545128285884,0.0015969298547133,-0.00938851384702125,-0.004229118203657566,0.001713784016565814,0.010444549996245481,0.010438711064669527,0.00023423387662970964,42.61112213960604,0.07348467087002838,0.018514229067236525
931615,2.049999952316284,2.049999952316284,3.400000095367432,4.049999952316284,4.049999952316284,-0.5999999046325679,-0.0096173342317342,-0.0057947603054344,0.0040223491378128,-0.009669328142090981,-0.006070382263734422,0.004033798692452798,0.011926929919672874,0.012108549848703104,0.00028071680197804764,48.4476670675505,0.07211102286426835,0.022188315582804312
932745,2.049999952316284,-2.049999952316284,2.799999952316284,4.049999952316284,-0.04999995231628418,-1.2000000476837158,-0.0096550462767481,0.0058906702324748,0.0052126697264611,-0.00973644842502888,0.006196663089442145,0.005180089718613564,0.012453587437805867,0.012650311888257458,0.00031830707684735827,49.514972248248824,0.07141432802014865,0.025159512446573967
932757,2.049999952316284,-1.4500000476837158,2.799999952316284,4.049999952316284,0.5499999523162842,-1.2000000476837158,-0.0094592468813061,0.0041020954959094,0.0023071181494742,-0.009399569104831147,0.004298480847911922,0.0023498528363366496,0.010565383721128762,0.010599558731796395,0.00020965423188521677,46.01344707021797,0.07280109823782165,0.016571413707909818
932768,2.049999952316284,-0.8999999761581421,2.799999952316284,4.049999952316284,1.100000023841858,-1.2000000476837158,-0.0093282908201217,0.0025221230462193,0.0013161817332729,-0.009247751547763349,0.0026195652136733407,0.001403957281868989,0.009752458594633383,0.009713605234265999,0.0001539028827588953,44.72515388333665,0.07280108841303322,0.012164735803825332
932780,2.049999952316284,-0.3000000119209289,2.799999952316284,4.049999952316284,1.699999988079071,-1.2000000476837158,-0.0092715816572308,0.0008350635762326,0.0009617845062166,-0.009160368706418167,0.0007994570106423739,0.001081759386069572,0.009358663742193504,0.009258600851032521,0.0001674219810458568,43.56957957728388,0.06708207842047792,0.013233307464204638
932792,2.049999952316284,0.3000000119209289,2.799999952316284,4.049999952316284,2.300000011920929,-1.2000000476837158,-0.0092715816572308,-0.0008350635762326,0.0009617845062166,-0.009160368552579541,-0.0007994573769239278,0.001081759462265544,0.009358663742193504,0.009258600739356209,0.00016742205993932452,43.56957987110214,0.06708207842047789,0.01323331370007348
932804,2.049999952316284,0.8999999761581421,2.799999952316284,4.049999952316284,2.899999976158142,-1.2000000476837158,-0.0093282908201217,-0.0025221230462193,0.0013161817332729,-0.009247796497812348,-0.002620187830184275,0.001405623056343032,0.009752458594633383,0.00971405685112658,0.0001552281805944872,44.60749696111164,0.07280109823782163,0.012269489514362474
932815,2.049999952316284,1.4500000476837158,2.799999952316284,4.049999952316284,3.450000047683716,-1.2000000476837158,-0.0094592468813061,-0.0041020954959094,0.0023071181494742,-0.009404663884288436,-0.0043040777320525955,0.0023722626134258656,0.010565383721128762,0.010611334402752954,0.00021913449857196294,44.17845534846828,0.07211102286428002,0.01732074950673785
932827,2.049999952316284,2.049999952316284,2.799999952316284,4.049999952316284,4.049999952316284,-1.2000000476837158,-0.0096550462767481,-0.0058906702324748,0.0052126697264611,-0.009739160696704809,-0.006194508044512459,0.005177639727128731,0.012453587437805867,0.012650341265503904,0.0003172061672189106,49.48889152310478,0.07141435305910293,0.02507249474726983
933957,2.049999952316284,-2.049999952316284,2.200000047683716,4.049999952316284,-0.04999995231628418,-1.7999999523162842,-0.0091780107468366,0.0057046636939048,0.0055788536556065,-0.009242477367449388,0.0059959683846711265,0.005542467189102348,0.012161524462018637,0.012332638294382347,0.0003005633759797686,48.62940093741008,0.07348472764818416,0.02375702128223053
933969,2.049999952316284,-1.4500000476837158,2.200000047683716,4.049999952316284,0.5499999523162842,-1.7999999523162842,-0.0089414222165942,0.0038701298180967,0.0025111536961048,-0.008892702402739323,0.00405461983108307,0.002544004294364348,0.010061452626225815,0.010099111636576858,0.00019362165932502242,44.58078724663446,0.07483314008907666,0.015304172926228285
933980,2.049999952316284,-0.8999999761581421,2.200000047683716,4.049999952316284,1.100000023841858,-1.7999999523162842,-0.0087450044229626,0.0023495233617722,0.0014477194054052,-0.008667647593650836,0.002451577273320886,0.0015225282783531166,0.009170128344899844,0.009135449539741845,0.00014830862205311574,43.77807259107809,0.07280113426206322,0.011722556279416154
933992,2.049999952316284,-0.3000000119209289,2.200000047683716,4.049999952316284,1.699999988079071,-1.7999999523162842,-0.0086433626711368,0.0007738505955785,0.0010775848058983,-0.008554897252662029,0.0007340850666256688,0.001201835370435631,0.008744584153805208,0.008670037839956483,0.00015762496739622298,43.041797100409475,0.07141431800456806,0.012458935466891431
934004,2.049999952316284,0.3000000119209289,2.200000047683716,4.049999952316284,2.300000011920929,-1.7999999523162842,-0.0086433626711368,-0.0007738505955785,0.0010775848058983,-0.008554897227735956,-0.0007340855286479239,0.0012018354628094705,0.008744584153805208,0.008670037867285303,0.00015762493764299694,43.04179828291408,0.07141431466604486,0.012458933115147737
934016,2.049999952316284,0.8999999761581421,2.200000047683716,4.049999952316284,2.899999976158142,-1.7999999523162842,-0.0087450044229626,-0.0023495233617722,0.0014477194054052,-0.008668469789375187,-0.002453426150734834,0.0015328377295290674,0.009170128344899844,0.009138449533235256,0.00015459129598469973,42.824694970037584,0.07483315920509054,0.012219149112176999
934027,2.049999952316284,1.4500000476837158,2.200000047683716,4.049999952316284,3.450000047683716,-1.7999999523162842,-0.0089414222165942,-0.0038701298180967,0.0025111536961048,-0.008898200506607537,-0.00406080688742524,0.002552757620622579,0.010061452626225815,0.010108644632313353,0.00019989183954622337,43.67773814191842,0.07280113426206322,0.015799778235667312
934039,2.049999952316284,2.049999952316284,2.200000047683716,4.049999952316284,4.049999952316284,-1.7999999523162842,-0.0091780107468366,-0.0057046636939048,0.0055788536556065,-0.00924556409257725,-0.0059935832078813695,0.005540192501672129,0.012161524462018637,0.01233277049228337,0.00029922002757293785,48.58331890413728,0.07348475198167724,0.023650840824992532
935169,2.049999952316284,-2.049999952316284,1.600000023841858,4.049999952316284,-0.04999995231628418,-2.399999976158142,-0.0083120353519916,0.0053005390800535,0.004948535002768,-0.008304312936121504,0.005530621460283138,0.004874593572105254,0.011030577723109185,0.011104550849592667,0.00024179510451508346,49.37152855984305,0.07071066463166673,0.019111880897593636
935181,2.049999952316284,-1.4500000476837158,1.600000023841858,4.049999952316284,0.5499999523162842,-2.399999976158142,-0.0080402139574289,0.0034416492562741,0.0020596119575202,-0.007960845675351219,0.003578141780215709,0.002080305420906701,0.008985098302189395,0.008972504283104983,0.00015924117783676847,45.317793855849956,0.07348467573672006,0.012586683385969858
935192,2.049999952316284,-0.8999999761581421,1.600000023841858,4.049999952316284,1.100000023841858,-2.399999976158142,-0.007806381676346,0.0020393717568367,0.0011463118717074,-0.0076764363302490556,0.0021214298887754675,0.0011958690253247267,0.008149396477444885,0.008053461506153027,0.00016147830028888168,45.33704350115171,0.0707106814904034,0.012763509206922131
935204,2.049999952316284,-0.3000000119209289,1.600000023841858,4.049999952316284,1.699999988079071,-2.399999976158142,-0.0076818955130875,0.0006649310234934,0.0008657651487737,-0.007569151539106783,0.0006103304762744061,0.000979471174496278,0.007759072188917241,0.007656626025469773,0.0001691788512527547,41.570295999149984,0.06999998773847323,0.013372173361486146
935216,2.049999952316284,0.3000000119209289,1.600000023841858,4.049999952316284,2.300000011920929,-2.399999976158142,-0.0076818955130875,-0.0006649310234934,0.0008657651487737,-0.007569151496900131,-0.0006103311074571472,0.0009794712421712093,0.007759072188917241,0.007656626042715928,0.0001691787211588581,41.570296131223614,0.06999998773847321,0.013372163078651586
935228,2.049999952316284,0.8999999761581421,1.600000023841858,4.049999952316284,2.899999976158142,-2.399999976158142,-0.007806381676346,-0.0020393717568367,0.0011463118717074,-0.0076764365085434634,-0.0021214302627037504,0.0011958688042879068,0.008149396477444885,0.008053461741778081,0.00016147827899488866,45.337051396269906,0.07071067811867884,0.012763507523810063
935239,2.049999952316284,1.4500000476837158,1.600000023841858,4.049999952316284,3.450000047683716,-2.399999976158142,-0.0080402139574289,-0.0034416492562741,0.0020596119575202,-0.007965999421094114,-0.003585492756724423,0.0020957006788772303,0.008985098302189395,0.008983588727276063,0.0001658346943024124,43.69613585822,0.07211102286426825,0.01310784572149534
935251,2.049999952316284,2.049999952316284,1.600000023841858,4.049999952316284,4.049999952316284,-2.399999976158142,-0.0083120353519916,-0.0053005390800535,0.004948535002768,-0.008307798872036837,-0.005528813707122224,0.004873499902166741,0.011030577723109185,0.011105777973771056,0.00024032794146335346,49.371539412091465,0.07071065451642605,0.018995913928128938
936280,2.049999952316284,-2.049999952316284,1.0499999523162842,4.049999952316284,-0.04999995231628418,-2.950000047683716,-0.0069193965755403,0.0045588407665491,0.0032800026237964,-0.006794659602874429,0.004677489396349542,0.0032228126524516277,0.008911761628121575,0.008856231002220888,0.00018140425167504859,49.371519688383714,0.07071068149040337,0.014338489024761687
936292,2.049999952316284,-1.4500000476837158,1.0499999523162842,4.049999952316284,0.5499999523162842,-2.950000047683716,-0.0066280579194426,0.0027806044090539,0.0009802427375689,-0.006515840774690364,0.0028287856433593605,0.0010620942698708435,0.007254225560850195,0.007182357096057396,0.0001470162992858888,45.285212009977194,0.07348467573672388,0.01162040897226524
936303,2.049999952316284,-0.8999999761581421,1.0499999523162842,4.049999952316284,1.100000023841858,-2.950000047683716,-0.0064118048176169,0.0016171031165868,0.0003928273799829,-0.0061971687085475196,0.001662407429298536,0.00047274964709007506,0.006624241606354214,0.006433660753568786,0.0002334710021528931,45.3370381670593,0.07071069160564823,0.018453930219706212
936315,2.049999952316284,-0.3000000119209289,1.0499999523162842,4.049999952316284,1.699999988079071,-2.950000047683716,-0.0063063758425414,0.0005262220511212,0.0002368891291553,-0.006156517502853851,0.00044480352266904895,0.00036648645701708234,0.006332724719580657,0.006183435150456544,0.00021420076129215052,41.53044252355119,0.0699999775205453,0.016930778835243503
936327,2.049999952316284,0.3000000119209289,1.0499999523162842,4.049999952316284,2.300000011920929,-2.950000047683716,-0.0063063758425414,-0.0005262220511212,0.0002368891291553,-0.006156517496835438,-0.0004448043166916226,0.00036648647759499964,0.006332724719580657,0.006183435202801787,0.00021420047614320044,41.530442649632235,0.0699999775205453,0.016930756296603677
936339,2.049999952316284,0.8999999761581421,1.0499999523162842,4.049999952316284,2.899999976158142,-2.950000047683716,-0.0064118048176169,-0.0016171031165868,0.0003928273799829,-0.006197168829649588,-0.001662407851534648,0.0004727494585289996,0.006624241606354214,0.006433660965466236,0.00023347090820598527,45.33704254024906,0.07071069497741228,0.018453922793988817
936350,2.049999952316284,1.4500000476837158,1.0499999523162842,4.049999952316284,3.450000047683716,-2.950000047683716,-0.0066280579194426,-0.0027806044090539,0.0009802427375689,-0.006521160113781064,-0.0028379263738279527,0.0010805467713496484,0.007254225560850195,0.007193534364824532,0.00015739710192217232,43.69613511879311,0.07211102286426432,0.012440924606789595
936362,2.049999952316284,2.049999952316284,1.0499999523162842,4.049999952316284,4.049999952316284,-2.950000047683716,-0.0069193965755403,-0.0045588407665491,0.0032800026237964,-0.006798847948661827,-0.004675550355691873,0.0032219902720083625,0.008911761628121575,0.00885812202842962,0.0001775345955022264,49.3715305406247,0.07071067137516511,0.014032625065944432
937492,2.049999952316284,-2.049999952316284,0.449999988079071,4.049999952316284,-0.04999995231628418,-3.550000011920929,-0.0037576169706881,0.0026076268404722,0.0003104850766249,-0.00354906301236805,0.002558974541331583,0.00047058150674303997,0.00458429973064164,0.004400641535438976,0.00026738112625838354,49.32757352620274,0.07071067306103458,0.021134241942420695
937504,2.049999952316284,-1.4500000476837158,0.449999988079071,4.049999952316284,0.5499999523162842,-3.550000011920929,-0.0035527825821191,0.0014244519406929,-0.0006705935229547,-0.0035695603594438365,0.0012924326517834523,-0.0005225422618747427,0.003886003484324406,0.0038321265290376296,0.00019907225412769193,45.363498554832034,0.07280109660035473,0.015734996862463786
937515,2.049999952316284,-0.8999999761581421,0.449999988079071,4.049999952316284,1.100000023841858,-3.550000011920929,-0.0034420103766024,0.0008057497907429,-0.0008852400933392,-0.0032474092382305635,0.0008015856057648909,-0.0006587001201458569,0.0036442170874930076,0.0034091189612852823,0.00029867591624800676,45.02092501343517,0.0707106730610346,0.023607833375118927
937527,2.049999952316284,-0.3000000119209289,0.449999988079071,4.049999952316284,1.699999988079071,-3.550000011920929,-0.0033922060392796,0.0002591379452496,-0.0009449712233617,-0.0033181771954547724,9.619210300244825e-05,-0.0007574819971018381,0.0035308901003252543,0.003404898206562058,0.00025919843206932415,45.372509875505735,0.06708205887273354,0.020487468398033327
937539,2.049999952316284,0.3000000119209289,0.449999988079071,4.049999952316284,2.300000011920929,-3.550000011920929,-0.0033922060392796,-0.0002591379452496,-0.0009449712233617,-0.0033181770021644026,-9.619302450414782e-05,-0.000757482117517971,0.0035308901003252543,0.003404898071017032,0.00025919782086859057,45.37251014564997,0.06708205887273354,0.020487420087726763
937551,2.049999952316284,0.8999999761581421,0.449999988079071,4.049999952316284,2.899999976158142,-3.550000011920929,-0.0034420103766024,-0.0008057497907429,-0.0008852400933392,-0.003248045578058661,-0.0008014110811303372,-0.0006583584872735677,0.0036442170874930076,0.0034096181158408427,0.0002985237522311016,45.18729806322298,0.0707106730610346,0.023595806082118836
937562,2.049999952316284,1.4500000476837158,0.449999988079071,4.049999952316284,3.450000047683716,-3.550000011920929,-0.0035527825821191,-0.0014244519406929,-0.0006705935229547,-0.0035744345821098655,-0.0013015987895439642,-0.0005066762140129175,0.003886003484324406,0.0038376376557163008,0.00020598686856578786,44.6041783674074,0.07071070340677639,0.016281539307393338
937574,2.049999952316284,2.049999952316284,0.449999988079071,4.049999952316284,4.049999952316284,-3.550000011920929,-0.0037576169706881,-0.0026076268404722,0.0003104850766249,-0.0035557079029689023,-0.0025561881165543326,0.0004705867215095354,0.00458429973064164,0.00440438511496329,0.0002627655811560943,49.32758438515696,0.07071066294579512,0.020769421701542244
