homo_node_label,x,y,z,fine_query_x,fine_query_y,fine_query_z,homo_u1,homo_u2,homo_u3,fine_u1,fine_u2,fine_u3,homo_umag,fine_umag,absolute_vector_error,mls_condition_number,mls_support_radius_normalized,pointwise_error_over_fine_peak
2247,-3.5,-3.5,7.5,-0.5,-0.5,6.5,-0.0062592648901045,-0.0062592648901045,-0.1115436926484108,-0.0032847368829332256,-0.0032995122196390644,-0.10565721271584633,0.11189437949947317,0.10575974128258468,0.007229010909678986,43.61025420914219,0.09713696235493469,0.06660366121897184
2251,-3.5,-2.5,7.5,-0.5,0.5,6.5,-0.0063440483063459,-0.003489141119644,-0.1124162450432777,-0.006039177581987259,-0.005000234493005274,-0.10716405762325587,0.11264915980288667,0.10745049677471166,0.005473739310254268,43.613957959700556,0.09713696235493469,0.05043166806305637
2255,-3.5,-1.5,7.5,-0.5,1.5,6.5,-0.0064374473877251,-0.0019747475162148,-0.1125098317861557,-0.004334980726855033,-0.0006051979970539353,-0.1069775551482751,0.11271114676540017,0.10706706135885155,0.006074711247750245,43.610254314332266,0.09713696235493469,0.05596865394220324
2259,-3.5,-0.5,7.5,-0.5,2.5,6.5,-0.0065143429674208,-0.0006498795119114,-0.1125019416213035,-0.005302179565683063,-0.0021699187194015378,-0.10705175007517229,0.11269226182946356,0.10720493855020255,0.005786574737644009,43.61395805942167,0.09713696235493469,0.053313941320558465
2263,-3.5,0.5,7.5,-0.5,3.5,6.5,-0.0065143429674208,0.0006498795119114,-0.1125019416213035,-0.005307907847934301,0.002121618498764569,-0.1070450185827745,0.11269226182946356,0.10719753333991879,0.005779230951552515,43.61025574749468,0.09713695870077053,0.05324628019139243
2267,-3.5,1.5,7.5,-0.5,4.5,6.5,-0.0064374473877251,0.0019747475162148,-0.1125098317861557,-0.004327632114337453,0.0005556916426818223,-0.10698454251967737,0.11271114676540017,0.10707347725306882,0.006082257930924079,43.61395821925248,0.09713696235493469,0.05603818444031937
2271,-3.5,2.5,7.5,-0.5,5.5,6.5,-0.0063440483063459,0.003489141119644,-0.1124162450432777,-0.00604322323136035,0.0049538171750913036,-0.10715722164980888,0.11264915980288667,0.1074417563302767,0.005467458159528336,43.61025571686837,0.09713695870077053,0.050373797402707095
2275,-3.5,3.5,7.5,-0.5,6.5,6.5,-0.0062592648901045,0.0062592648901045,-0.1115436926484108,-0.0032754098121594746,0.0032506185178892678,-0.10566593365132768,0.11189437949947317,0.10576665053121999,0.007245922642908477,43.61395821925252,0.09713696235493469,0.06675947552949314
2379,-3.5,-3.5,6.5,-0.5,-0.5,5.5,-0.0168843436986207,-0.0168843436986207,-0.0925353020429611,-0.016112363165927877,-0.016118587125524813,-0.09206368772828498,0.09556643892313006,0.0948427102936491,0.0011852245078058767,42.55063049746281,0.10046894038390004,0.010919929790205656
2383,-3.5,-2.5,6.5,-0.5,0.5,5.5,-0.0177020002156496,-0.0103131514042615,-0.0961295589804649,-0.014988641058260994,-0.008285856492990663,-0.0950725347049605,0.09828842258018367,0.0966028034470105,0.0035481745860730727,43.61395795970055,0.09713696235493477,0.032690698773211666
2387,-3.5,-1.5,6.5,-0.5,1.5,5.5,-0.0183376632630825,-0.0057395547628402,-0.0969407483935356,-0.016770210718757162,-0.005994758575458988,-0.09487735916842703,0.09882672250927185,0.09653439998624459,0.002603768722252667,42.55063054956953,0.10046894038390004,0.023989523883174328
2391,-3.5,-0.5,6.5,-0.5,2.5,5.5,-0.0186843555420637,-0.0018668507691472,-0.0970243290066719,-0.016422463281853567,-0.0007411041756008852,-0.09509155297124273,0.09882464618207053,0.09650207242399297,0.0031810509572795177,43.613959510223346,0.0971369587007706,0.02930824741117169
2395,-3.5,0.5,6.5,-0.5,3.5,5.5,-0.0186843555420637,0.0018668507691472,-0.0970243290066719,-0.01642483000675095,0.0007130312382487208,-0.09507850528389591,0.09882464618207053,0.09648940678290653,0.0031973403188792675,42.55063060676955,0.10046894038390004,0.029458327572208717
2399,-3.5,1.5,6.5,-0.5,4.5,5.5,-0.0183376632630825,0.0057395547628402,-0.0969407483935356,-0.01680222147207335,0.0059708519904094984,-0.09488986670301378,0.09882672250927185,0.09655077691455259,0.002572391029679643,43.61395947030011,0.09713695870077063,0.023700429118748312
2403,-3.5,2.5,6.5,-0.5,5.5,5.5,-0.0177020002156496,0.0103131514042615,-0.0961295589804649,-0.015028518572419247,0.008262713777137493,-0.0950518306065856,0.09828842258018367,0.09658664147338125,0.003537413886906663,42.55063073724787,0.10046894038390004,0.032591556308120176
2407,-3.5,3.5,6.5,-0.5,6.5,5.5,-0.0168843436986207,0.0168843436986207,-0.0925353020429611,-0.01616169308572226,0.01609158418524933,-0.09207942848207053,0.09556643892313006,0.0948617971291541,0.0011655523402586251,43.61395947030008,0.09713695870077063,0.010738682535341826
2511,-3.5,-3.5,5.5,-0.5,-0.5,4.5,-0.0220856610685586,-0.0220856610685586,-0.0782263427972793,-0.02091969124794031,-0.020926062639227968,-0.0745122929983342,0.08423130983849142,0.08017241038761182,0.004061812409373784,43.610254209142184,0.09713696235493469,0.0374230418281331
2515,-3.5,-2.5,5.5,-0.5,0.5,4.5,-0.0231766831129789,-0.0153320040553808,-0.0807550102472305,-0.022059959439598268,-0.014041119702222202,-0.07673241936710033,0.08540257998739827,0.0810657698100586,0.004369747311324173,43.613958016140415,0.09713696235493469,0.04026016465769483
2519,-3.5,-1.5,5.5,-0.5,1.5,4.5,-0.0243834238499403,-0.00881480704993,-0.0818681493401527,-0.02207106686638331,-0.008041487321249286,-0.07791261922671358,0.08587575943393384,0.08137673958647541,0.004646637138888217,43.61025431433224,0.09713696235493469,0.04281125726226721
2523,-3.5,-0.5,5.5,-0.5,2.5,4.5,-0.025046145543456,-0.0028706500306725,-0.0820991396903991,-0.023048573434164898,-0.00270449567246141,-0.07788734217372674,0.08588258715296276,0.08127108406487296,0.004664454943936935,43.61395811586153,0.09713696235493469,0.04297541956136425
2527,-3.5,0.5,5.5,-0.5,3.5,4.5,-0.025046145543456,0.0028706500306725,-0.0820991396903991,-0.023052352457776874,0.0026788746522879692,-0.077878727374672,0.08588258715296276,0.0812630512640199,0.00467160237809228,43.61025574749467,0.09713695870077053,0.04304127162453241
2531,-3.5,1.5,5.5,-0.5,4.5,4.5,-0.0243834238499403,0.00881480704993,-0.0818681493401527,-0.022066136610002642,0.008014963493487784,-0.07792000958585504,0.08587575943393384,0.0813798618735187,0.00464729785860833,43.61395827569225,0.09713696235493469,0.04281734472747496
2535,-3.5,2.5,5.5,-0.5,5.5,4.5,-0.0231766831129789,0.0153320040553808,-0.0807550102472305,-0.022063435501338297,0.014015262610078325,-0.07672322976881606,0.08540257998739827,0.08105354254016117,0.004385017913843064,43.610255716868394,0.09713695870077053,0.04040085859902172
2539,-3.5,3.5,5.5,-0.5,6.5,4.5,-0.0220856610685586,0.0220856610685586,-0.0782263427972793,-0.020915110512455558,0.020900934357583237,-0.07451846666655634,0.08423130983849142,0.08017039839680791,0.004064740014426101,43.61395827569226,0.09713696235493469,0.03745001498082629
2643,-3.5,-3.5,4.5,-0.5,-0.5,3.5,-0.0243950504809618,-0.0243950504809618,-0.0652902051806449,-0.023103757928028854,-0.023108394863815114,-0.06444661812304078,0.0738447551859173,0.07225751262724175,0.002008620984195969,42.55063661103714,0.10046894038390004,0.0185061985962125
2647,-3.5,-2.5,4.5,-0.5,0.5,3.5,-0.0255102310329675,-0.0177179221063852,-0.0661589503288269,-0.02387749628168953,-0.016354770927945454,-0.06515138326254495,0.0730869575214039,0.07129036471929913,0.002353549510073758,43.61396342364329,0.09713696235493477,0.021684157928320326
2651,-3.5,-1.5,4.5,-0.5,1.5,3.5,-0.0269872061908245,-0.0105243884027004,-0.0666312575340271,-0.024964215410527745,-0.01028408239973586,-0.06549786502689128,0.07265532691966098,0.07084451090203571,0.0023312694497758264,42.550636663143955,0.10046894038390004,0.02147888315331136
2655,-3.5,-0.5,4.5,-0.5,2.5,3.5,-0.0278571918606758,-0.0034580235369503,-0.0667645707726478,-0.025336202446481458,-0.0028341612025484597,-0.06577133092464996,0.072425748015471,0.07053951797206258,0.0027804886682768616,43.6139649741665,0.0971369587007706,0.025617712796248346
2659,-3.5,0.5,4.5,-0.5,3.5,3.5,-0.0278571918606758,0.0034580235369503,-0.0667645707726478,-0.025333997480904296,0.0028034934448854386,-0.06577916742463516,0.072425748015471,0.07054480754057073,0.0027867434897750226,42.55063672034407,0.10046894038390004,0.025675340875283455
2663,-3.5,1.5,4.5,-0.5,4.5,3.5,-0.0269872061908245,0.0105243884027004,-0.0666312575340271,-0.0249783814240232,0.010252060047556995,-0.06548127683765159,0.07265532691966098,0.07082952696490262,0.002330664128261667,43.61396493424231,0.09713695870077063,0.021473306093107502
2667,-3.5,2.5,4.5,-0.5,5.5,3.5,-0.0255102310329675,0.0177179221063852,-0.0661589503288269,-0.023875282025767684,0.016309999704265946,-0.06516404629107153,0.0730869575214039,0.07129093989552959,0.002375949871288294,42.55063685082162,0.10046894038390004,0.02189054108199879
2671,-3.5,3.5,4.5,-0.5,6.5,3.5,-0.0243950504809618,0.0243950504809618,-0.0652902051806449,-0.023126711362245565,0.023072146784166053,-0.06443371927963826,0.0738447551859173,0.07224176711480658,0.002022949927626707,43.61396493424231,0.09713695870077063,0.018638216669751285
2775,-3.5,-3.5,3.5,-0.5,-0.5,2.5,-0.0243950504809618,-0.0243950504809618,-0.0526709966361522,-0.02306415456843465,-0.023070059154490532,-0.04879807907127581,0.0629640442044736,0.05869783110469095,0.00430422773671812,43.610258884445784,0.09713696235493477,0.03965650758692878
2779,-3.5,-2.5,3.5,-0.5,0.5,2.5,-0.0255102310329675,-0.0177179221063852,-0.0518022514879703,-0.023807411786073773,-0.016290315239635447,-0.04802203241722704,0.06040008203923429,0.05602037864955562,0.004384941388022628,43.61396345630247,0.09713696235493477,0.04040015353716989
2783,-3.5,-1.5,3.5,-0.5,1.5,2.5,-0.0269872061908245,-0.0105243884027004,-0.0513299480080604,-0.024914826246667823,-0.010265577176726295,-0.047623548322647535,0.0589392535730404,0.05471867137013212,0.004254308464564087,43.610258989635845,0.09713696235493477,0.039196582109932564
2787,-3.5,-0.5,3.5,-0.5,2.5,2.5,-0.0278571918606758,-0.0034580235369503,-0.0511966310441494,-0.025269481360419926,-0.002791615083044859,-0.04730790874084089,0.05838729395523795,0.05370640587889143,0.004718316120484105,43.61396355602377,0.09713696235493477,0.04347166332146147
2791,-3.5,0.5,3.5,-0.5,3.5,2.5,-0.0278571918606758,0.0034580235369503,-0.0511966310441494,-0.02527282611329537,0.0027848870348119985,-0.04729859059008679,0.05838729395523795,0.053699422784217854,0.004725122056439685,43.610260422798675,0.0971369587007706,0.04353436903021294
2795,-3.5,1.5,3.5,-0.5,4.5,2.5,-0.0269872061908245,0.0105243884027004,-0.0513299480080604,-0.024911777386088976,0.010258629528511998,-0.04763077614557898,0.0589392535730404,0.05472227122998065,0.0042499299960011205,43.61396371585364,0.09713696235493477,0.03915624159302516
2799,-3.5,2.5,3.5,-0.5,5.5,2.5,-0.0255102310329675,0.0177179221063852,-0.0518022514879703,-0.02381092265140455,0.016281641884587857,-0.048012617489682864,0.06040008203923429,0.056011278669387085,0.004394527925972517,43.61026039217136,0.0971369587007706,0.04048847800283398
2803,-3.5,3.5,3.5,-0.5,6.5,2.5,-0.0243950504809618,0.0243950504809618,-0.0526709966361522,-0.02306091442030555,0.02306246424278769,-0.04880415080169341,0.0629640442044736,0.05869862150276571,0.0043021159698438715,43.61396371585366,0.09713696235493477,0.039637051065528645
2907,-3.5,-3.5,2.5,-0.5,-0.5,1.5,-0.0220856610685586,-0.0220856610685586,-0.0397348664700984,-0.020794387522818588,-0.020798964749933035,-0.03871870558220614,0.05054119570278329,0.048622439768893445,0.0020869973014775436,42.550637835698275,0.10046894038390004,0.019228309788052497
2911,-3.5,-2.5,2.5,-0.5,0.5,1.5,-0.0231766831129789,-0.0153320040553808,-0.0372061915695667,-0.021958939632068904,-0.013939086829220463,-0.036443791248091634,0.04643845044340897,0.04477324080220097,0.002001092660128033,43.613964506640805,0.09713696235493473,0.018436837247608626
2915,-3.5,-1.5,2.5,-0.5,1.5,1.5,-0.0243834238499403,-0.00881480704993,-0.0360930524766445,-0.021986841772819482,-0.00794886180231873,-0.035228223258250584,0.04444052901412344,0.04228041306596364,0.0026909842811181773,42.55063788780511,0.10046894038390004,0.02479307441149407
2919,-3.5,-0.5,2.5,-0.5,2.5,1.5,-0.025046145543456,-0.0028706500306725,-0.0358620658516883,-0.02296268502254751,-0.0026886281866204103,-0.035197551091164396,0.04383648942756946,0.04211153319205732,0.0021944292107175735,43.61396605716395,0.09713695870077058,0.020218121337174648
2923,-3.5,0.5,2.5,-0.5,3.5,1.5,-0.025046145543456,0.0028706500306725,-0.0358620658516883,-0.02294837523095636,0.002660804752316064,-0.03522323616085737,0.04383648942756946,0.0421234397137063,0.0022029023352705566,42.550637945005114,0.10046894038390004,0.02029618749646588
2927,-3.5,1.5,2.5,-0.5,4.5,1.5,-0.0243834238499403,0.00881480704993,-0.0360930524766445,-0.021972226730312117,0.007912677958568386,-0.035190410660593786,0.04444052901412344,0.04223451458730749,0.0027280892022196615,43.61396601723956,0.09713695870077059,0.02513493633776272
2931,-3.5,2.5,2.5,-0.5,5.5,1.5,-0.0231766831129789,0.0153320040553808,-0.0372061915695667,-0.021933040349065427,0.013905595693108548,-0.03645002601858509,0.04643845044340897,0.044755203577790385,0.002037909340644445,42.550638075482794,0.10046894038390004,0.018776043502372892
2935,-3.5,3.5,2.5,-0.5,6.5,1.5,-0.0220856610685586,0.0220856610685586,-0.0397348664700984,-0.02080618945389687,0.020767959583529914,-0.0387190864606756,0.05054119570278329,0.04861453816713529,0.0020988553651728526,43.61396601723956,0.09713695870077059,0.019337562695115884
3039,-3.5,-3.5,1.5,-0.5,-0.5,0.5,-0.0168843436986207,-0.0168843436986207,-0.0254259016364812,-0.01593185760679018,-0.01593778991903424,-0.02108523901360185,0.034880346877494244,0.030861376161263856,0.004543626945342432,43.610257698137765,0.09713696640714244,0.0418621846825263
3043,-3.5,-2.5,1.5,-0.5,0.5,0.5,-0.0177020002156496,-0.0103131514042615,-0.0218316428363323,-0.014716368728150384,-0.00799367658095032,-0.018088784238758513,0.029938980150553875,0.02465105452227297,0.0053200516272451,43.61396227279567,0.09713696640714244,0.049015684258278035
3047,-3.5,-1.5,1.5,-0.5,1.5,0.5,-0.0183376632630825,-0.0057395547628402,-0.0210204552859067,-0.016613503375081873,-0.005830570030765707,-0.018230514909443545,0.028479324487295166,0.025344737424975693,0.0032809721733969752,43.61025780332771,0.09713696640714244,0.03022886005237883
3051,-3.5,-0.5,1.5,-0.5,2.5,0.5,-0.0186843555420637,-0.0018668507691472,-0.0209368783980608,-0.01621516429153319,-0.0006329055692477067,-0.018023803938966486,0.028123711541539052,0.02425262111383637,0.004013169444750501,43.6139623725168,0.09713696640714244,0.03697487546389124
3055,-3.5,0.5,1.5,-0.5,3.5,0.5,-0.0186843555420637,0.0018668507691472,-0.0209368783980608,-0.016216363181558162,0.0006413230285422966,-0.018016027244674045,0.028123711541539052,0.024247865220344063,0.004015504450843826,43.610259236490336,0.09713696275297844,0.03699638877418046
3059,-3.5,1.5,1.5,-0.5,4.5,0.5,-0.0183376632630825,0.0057395547628402,-0.0210204552859067,-0.016613572122880796,0.005840217652262497,-0.018237410905510475,0.028479324487295166,0.025351963976078713,0.0032753563623343154,43.613962532346825,0.09713696640714244,0.030177119422552648
3063,-3.5,2.5,1.5,-0.5,5.5,0.5,-0.0177020002156496,0.0103131514042615,-0.0218316428363323,-0.014718804707844164,0.008003605796148257,-0.01807917158333949,0.029938980150553875,0.024648678725392635,0.005321136801312587,43.61025920586287,0.09713696275297844,0.04902568238483471
3067,-3.5,3.5,1.5,-0.5,6.5,0.5,-0.0168843436986207,0.0168843436986207,-0.0254259016364812,-0.015931245522706913,0.01595062246717202,-0.02109314911166623,0.034880346877494244,0.030873093146654543,0.004533539005267154,43.61396253234681,0.09713696640714244,0.04176924060600382
3171,-3.5,-3.5,0.5,-0.5,-0.5,-0.5,-0.0062592648901045,-0.0062592648901045,-0.0064175119623541,-0.00336043477320637,-0.003361198906613361,-0.007287151866623188,0.010933492292764822,0.008700158750392041,0.004190259664316907,42.550638107241895,0.10046893684418842,0.038606475849692574
3175,-3.5,-2.5,0.5,-0.5,0.5,-0.5,-0.0063440483063459,-0.003489141119644,-0.0055449618957936,-0.005667049583869094,-0.0045778886006410495,-0.005952708909568097,0.009119630315525066,0.009407829632171362,0.0013453460427914699,43.61396227279569,0.09713696640714244,0.012395191150755432
3179,-3.5,-1.5,0.5,-0.5,1.5,-0.5,-0.0064374473877251,-0.0019747475162148,-0.0054513737559318,-0.004303212475359804,-0.00039435550165750453,-0.00625409417086035,0.008663592352447524,0.007601766095307669,0.0027743391366915533,42.55063815934876,0.10046893684418842,0.02556105479372481
3183,-3.5,-0.5,0.5,-0.5,2.5,-0.5,-0.0065143429674208,-0.0006498795119114,-0.0054592634551227,-0.0050813045409774564,-0.0020613635536031144,-0.0060676490371622226,0.008524233991956419,0.008178339707817048,0.002101432689392444,43.61396382331851,0.09713696275297844,0.019361308575612933
3187,-3.5,0.5,0.5,-0.5,3.5,-0.5,-0.0065143429674208,0.0006498795119114,-0.0054592634551227,-0.0050929202154747395,0.0019697810599523377,-0.006157641616508891,0.008524233991956419,0.008230092588950652,0.0020616291598083134,42.550638216548684,0.10046893684418842,0.018994583330228226
3191,-3.5,1.5,0.5,-0.5,4.5,-0.5,-0.0064374473877251,0.0019747475162148,-0.0054513737559318,-0.004250636522673842,0.00029838820788050645,-0.006154686788994953,0.008663592352447524,0.007485794269222199,0.002843760101102369,43.613963783394105,0.09713696275297846,0.02620065687108806
3195,-3.5,2.5,0.5,-0.5,5.5,-0.5,-0.0063440483063459,0.003489141119644,-0.0055449618957936,-0.005634257038717572,0.0045015253334711675,-0.006040779304889531,0.009119630315525066,0.009407422458707957,0.0013321262489608416,42.5506383470264,0.10046893684418842,0.012273392099587737
3199,-3.5,3.5,0.5,-0.5,6.5,-0.5,-0.0062592648901045,0.0062592648901045,-0.0064175119623541,-0.0032690329127738216,0.0032455886564813,-0.0071726858344711,0.010933492292764822,0.008524543623672822,0.004312078303612359,43.613963783394134,0.09713696275297846,0.03972883788277888
6603,-2.5,-3.5,7.5,0.5,-0.5,6.5,-0.003489141119644,-0.0063440483063459,-0.1124162450432777,-0.004989904247744003,-0.006052033910363944,-0.10716696159468016,0.11264915980288667,0.1074536361240954,0.005467406981179041,43.61395795970055,0.09713696235493469,0.05037332587686756
6607,-2.5,-2.5,7.5,0.5,0.5,6.5,-0.0035223215818405,-0.0035223215818405,-0.1132810190320015,-0.0026348859439845234,-0.002645111556982473,-0.10841144320081067,0.11339048801191608,0.10847571274699828,0.005026908415195774,42.550630497462826,0.10046894038390004,0.046314842963678084
6611,-2.5,-1.5,7.5,0.5,1.5,6.5,-0.0036553537938743,-0.0019630680326372,-0.1133961528539657,-0.00437257295694608,-0.003070696572231735,-0.10830354627539135,0.1134720350110066,0.108435265054909,0.005260787590631321,43.61395803427689,0.09713696235493469,0.048469661867883256
6615,-2.5,-0.5,7.5,0.5,2.5,6.5,-0.0037412422243505,-0.0006406932370737,-0.1134035289287567,-0.003673287528139515,0.0003437797254188291,-0.10832817766100823,0.1134670337794227,0.10839098348626124,0.005170396053074844,42.550630582218,0.10046894038390004,0.04763684982489508
6619,-2.5,0.5,7.5,0.5,3.5,6.5,-0.0037412422243505,0.0006406932370737,-0.1134035289287567,-0.0036435863130617517,-0.0004561807712224523,-0.10839083770922392,0.1134670337794227,0.1084530198815325,0.005132225884493621,43.61395951022336,0.09713695870077053,0.04728517336339591
6623,-2.5,1.5,7.5,0.5,4.5,6.5,-0.0036553537938743,0.0019630680326372,-0.1133961528539657,-0.004359472444838759,0.00296824657770076,-0.1082353594184733,0.1134720350110066,0.10836377861716265,0.0053047107240558914,42.55063073724787,0.10046894038390004,0.048874342609804514
6627,-2.5,2.5,7.5,0.5,5.5,6.5,-0.0035223215818405,0.0035223215818405,-0.1132810190320015,-0.002560483824633216,0.0025235502141205874,-0.10847716417114191,0.11339048801191608,0.10853671972983277,0.004999969763945671,43.6139594703001,0.09713695870077053,0.046066646796321976
6631,-2.5,3.5,7.5,0.5,6.5,6.5,-0.003489141119644,0.0063440483063459,-0.1124162450432777,-0.004932409365764083,0.005972939133191648,-0.10708294310401811,0.11264915980288667,0.1073627559624783,0.005537585649357292,42.55063073724787,0.10046894038390004,0.05101990897081263
6735,-2.5,-3.5,6.5,0.5,-0.5,5.5,-0.0103131514042615,-0.0177020002156496,-0.0961295589804649,-0.008279938431321148,-0.014995300979806768,-0.09507438287846384,0.09828842258018367,0.09660514847368229,0.0035459233427810105,43.61395795970055,0.09713696235493477,0.032669957201865406
6739,-2.5,-2.5,6.5,0.5,0.5,5.5,-0.0105540379881858,-0.0105540379881858,-0.0998195484280586,-0.0101352546822003,-0.01014203292713426,-0.09775096920121008,0.10092927070029623,0.09879694428039797,0.0021503831392227337,43.61025420914221,0.09713696235493477,0.019812307919471674
6743,-2.5,-1.5,6.5,0.5,1.5,5.5,-0.0109934601932764,-0.0057722595520317,-0.1006666421890258,-0.009151436776589746,-0.0042743177626751476,-0.09795495677168004,0.10142952231461273,0.09847432225485964,0.0036041805829575653,43.61395802420028,0.09713696235493477,0.03320670358899236
6747,-2.5,-0.5,6.5,0.5,2.5,5.5,-0.0112677030265331,-0.0018618660978972,-0.1007952541112899,-0.01000156217067621,-0.002590730053547752,-0.09801485452302029,0.10144018399145452,0.09855787556168755,0.0031408561258304026,43.6102557474947,0.0971369587007706,0.02893791695102449
6751,-2.5,0.5,6.5,0.5,3.5,5.5,-0.0112677030265331,0.0018618660978972,-0.1007952541112899,-0.010006762904904142,0.002519707486239927,-0.09800979329235233,0.10144018399145452,0.09855152870889833,0.003127541727361386,43.61395805942164,0.09713696235493477,0.028815246270893487
6755,-2.5,1.5,6.5,0.5,4.5,5.5,-0.0109934601932764,0.0057722595520317,-0.1006666421890258,-0.009147178807481627,0.004202516801755278,-0.09795867478611245,0.10142952231461273,0.09847453474607747,0.00363399707110764,43.61025571686832,0.09713695870077063,0.033481414375889654
6759,-2.5,2.5,6.5,0.5,5.5,5.5,-0.0105540379881858,0.0105540379881858,-0.0998195484280586,-0.010140973488219417,0.01006966243895294,-0.09774353608943474,0.10092927070029623,0.09878277325622044,0.002171421005688577,43.61395821925245,0.09713696235493477,0.02000613788436838
6763,-2.5,3.5,6.5,0.5,6.5,5.5,-0.0103131514042615,0.0177020002156496,-0.0961295589804649,-0.008275808587377463,0.014920301431276374,-0.09507909176400386,0.09828842258018367,0.09659781619292916,0.003604454917647307,43.610255716868345,0.09713695870077063,0.033209231140128255
6867,-2.5,-3.5,5.5,0.5,-0.5,4.5,-0.0153320040553808,-0.0231766831129789,-0.0807550102472305,-0.01403562967624836,-0.022067005677716613,-0.07673311419119591,0.08540257998739827,0.08106739451510868,0.004368937906030241,43.613958016140415,0.09713696235493469,0.040252707295040456
6871,-2.5,-2.5,5.5,0.5,0.5,4.5,-0.0157681163400411,-0.0157681163400411,-0.083445630967617,-0.014112250195751882,-0.014118709834100698,-0.07968672151301709,0.08637384044610881,0.0821490545195754,0.004426266462553099,42.55063056884579,0.10046894038390004,0.04078089736205347
6875,-2.5,-1.5,5.5,0.5,1.5,4.5,-0.0165178980678319,-0.0089154634624719,-0.0846366286277771,-0.015425913953974678,-0.008389518875693905,-0.08041173224573778,0.08669305249445433,0.0823066797474013,0.004395315284737441,43.613958090716714,0.09713696235493469,0.04049573224232705
6879,-2.5,-0.5,5.5,0.5,2.5,4.5,-0.0169805940240621,-0.0028786328621208,-0.0849078223109245,-0.015243002784952421,-0.0024115991989219912,-0.08060629695189707,0.08663697472874053,0.08207033601061786,0.0046626670662988255,42.55063065360097,0.10046894038390004,0.042958947156218175
6883,-2.5,0.5,5.5,0.5,3.5,4.5,-0.0169805940240621,0.0028786328621208,-0.0849078223109245,-0.015238890693059776,0.0023580713891424247,-0.08066106382069288,0.08663697472874053,0.08212180896033164,0.004619466680768287,43.61395956666318,0.09713695870077053,0.042560925368956455
6887,-2.5,1.5,5.5,0.5,4.5,4.5,-0.0165178980678319,0.0089154634624719,-0.0846366286277771,-0.01540403164811735,0.008345344432621988,-0.08035882818354413,0.08669305249445433,0.08224639950628637,0.004457051800220016,42.55063080863077,0.10046894038390004,0.04106453453262872
6891,-2.5,2.5,5.5,0.5,5.5,4.5,-0.0157681163400411,0.0157681163400411,-0.083445630967617,-0.014094333787421129,0.014077257392800732,-0.07973770129931049,0.08637384044610881,0.08218832294865534,0.004405598079492209,43.61395952673996,0.09713695870077053,0.040590471590045245
6895,-2.5,3.5,5.5,0.5,6.5,4.5,-0.0153320040553808,0.0231766831129789,-0.0807550102472305,-0.014043160084086308,0.022020051140409645,-0.07672453384801799,0.08540257998739827,0.08104780744455206,0.004386759203206928,42.55063080863078,0.10046894038390004,0.04041690176845721
6999,-2.5,-3.5,4.5,0.5,-0.5,3.5,-0.0177179221063852,-0.0255102310329675,-0.0661589503288269,-0.016349140950396367,-0.023882135743024332,-0.06515173057759258,0.0730869575214039,0.07129094482975647,0.0023534544298545066,43.6139634236433,0.09713696235493477,0.02168328191764739
7003,-2.5,-2.5,4.5,0.5,0.5,3.5,-0.0182204917073249,-0.0182204917073249,-0.0670839697122573,-0.017113862018644416,-0.0171191215753867,-0.06498676356124823,0.07186258851772907,0.06934859793010707,0.002614559059425681,43.61025888444578,0.09713696235493477,0.0240889394146335
7007,-2.5,-1.5,4.5,0.5,1.5,3.5,-0.0191540233790874,-0.0106652360409498,-0.0675952658057212,-0.01763998875663023,-0.009881107306705448,-0.06595680208935335,0.07106154959443188,0.0689862683930273,0.0023646822322926633,43.61396348814312,0.09713696235493477,0.021786727985051064
7011,-2.5,-0.5,4.5,0.5,2.5,3.5,-0.0197380259633064,-0.0034758844412863,-0.0677458271384239,-0.018249027185793572,-0.003353770170421806,-0.06592776980632016,0.07064820263988708,0.06848901809209257,0.0023531599430127244,43.61026042279871,0.0971369587007706,0.021680568696974663
7015,-2.5,0.5,4.5,0.5,3.5,3.5,-0.0197380259633064,0.0034758844412863,-0.0677458271384239,-0.0182526495138988,0.003296159981441653,-0.06591812101397915,0.07064820263988708,0.0684778983535132,0.002362023233428082,43.61396352336458,0.09713696235493477,0.021762229604598893
7019,-2.5,1.5,4.5,0.5,4.5,3.5,-0.0191540233790874,0.0106652360409498,-0.0675952658057212,-0.017636199769438705,0.009823556501559623,-0.06596404769433027,0.07106154959443188,0.0689840082400752,0.0023818239825740355,43.61026039217135,0.09713695870077063,0.021944661531245066
7023,-2.5,2.5,4.5,0.5,5.5,3.5,-0.0182204917073249,0.0182204917073249,-0.0670839697122573,-0.017116681824407513,0.01706354197356525,-0.0649764806907387,0.07186258851772907,0.0693259569303992,0.002645456278204957,43.61396368319447,0.09713696235493477,0.024373607388979486
7027,-2.5,3.5,4.5,0.5,6.5,3.5,-0.0177179221063852,0.0255102310329675,-0.0661589503288269,-0.016345345555385384,0.023825301282139773,-0.06515748085331648,0.0730869575214039,0.07127631172879241,0.002392884402548119,43.610260392171334,0.09713695870077063,0.022046565439552503
7131,-2.5,-3.5,3.5,0.5,-0.5,2.5,-0.0177179221063852,-0.0255102310329675,-0.0518022514879703,-0.016285353331853863,-0.02381363994014831,-0.0480221249541947,0.06040008203923429,0.05602166246603755,0.0043840656064148865,43.61396345630251,0.09713696235493477,0.04039208462397657
7135,-2.5,-2.5,3.5,0.5,0.5,2.5,-0.0182204917073249,-0.0182204917073249,-0.0508772321045398,-0.017043124424169883,-0.017048540952082598,-0.04806496075544758,0.05703038999281529,0.053771379851695174,0.003266271947202466,42.55063669147623,0.10046894038390004,0.03009342120776588
7139,-2.5,-1.5,3.5,0.5,1.5,2.5,-0.0191540233790874,-0.0106652360409498,-0.0503659397363662,-0.017578674289147708,-0.009827162992415676,-0.04709723688276485,0.05493042651339122,0.05122238421075997,0.003724044781550664,43.61396353087877,0.09713696235493477,0.03431105860728252
7143,-2.5,-0.5,3.5,0.5,2.5,2.5,-0.0197380259633064,-0.0034758844412863,-0.0502153784036636,-0.01817708211732467,-0.0033198196067522555,-0.04705833348491684,0.05406714038859887,0.05055605074468324,0.003525313396262966,42.550636776231656,0.10046894038390004,0.03248006982822885
7147,-2.5,0.5,3.5,0.5,3.5,2.5,-0.0197380259633064,0.0034758844412863,-0.0502153784036636,-0.01819410999531037,0.0033157306946635977,-0.04710258022183925,0.05406714038859887,0.050603090539173494,0.0034783384337294396,43.613965006825644,0.0971369587007706,0.03204727140954506
7151,-2.5,1.5,3.5,0.5,4.5,2.5,-0.0191540233790874,0.0106652360409498,-0.0503659397363662,-0.017575683438134343,0.009823002356392075,-0.04706186765506998,0.05493042651339122,0.051188039724085116,0.0037573137834113015,42.5506369312607,0.10046894038390004,0.034617578732470386
7155,-2.5,2.5,3.5,0.5,5.5,2.5,-0.0182204917073249,0.0182204917073249,-0.0508772321045398,-0.017056326932258968,0.01705632469068842,-0.048128961479810245,0.05703038999281529,0.053835243414508197,0.0032036784939940485,43.613964966901484,0.0971369587007706,0.029516723620211106
7159,-2.5,3.5,3.5,0.5,6.5,2.5,-0.0177179221063852,0.0255102310329675,-0.0518022514879703,-0.016299437789487118,0.02380801358207719,-0.048005926511670315,0.06040008203923429,0.056009482797305166,0.004395648454219284,42.55063693126067,0.10046894038390004,0.04049880186105835
7263,-2.5,-3.5,2.5,0.5,-0.5,1.5,-0.0153320040553808,-0.0231766831129789,-0.0372061915695667,-0.013933842204493604,-0.02196293020979326,-0.03644421090399869,0.04643845044340897,0.04477390724959252,0.0020021656290045886,43.613964506640805,0.09713696235493473,0.018446722923041337
7267,-2.5,-2.5,2.5,0.5,0.5,1.5,-0.0157681163400411,-0.0157681163400411,-0.0345155708491802,-0.013982229542450023,-0.013986748407350104,-0.03339452724765633,0.04109247640226761,0.03881142002146706,0.0027603264520609737,43.61025994525479,0.09713696235493473,0.0254319505342951
7271,-2.5,-1.5,2.5,0.5,1.5,1.5,-0.0165178980678319,-0.0089154634624719,-0.0333245731890201,-0.015337379578461855,-0.008322511839120717,-0.03266154488011609,0.03824726949156389,0.03703074303334948,0.00147811436289194,43.61396457114061,0.09713696235493473,0.013618436809541746
7275,-2.5,-0.5,2.5,0.5,2.5,1.5,-0.0169805940240621,-0.0028786328621208,-0.033053383231163,-0.015141833661227809,-0.002350892618565737,-0.03239543664567019,0.03727134614675223,0.03583665913826161,0.0020229787804027254,43.61026148360762,0.09713695870077058,0.018638482501487214
7279,-2.5,0.5,2.5,0.5,3.5,1.5,-0.0169805940240621,0.0028786328621208,-0.033053383231163,-0.015143729883822803,0.002312013826058248,-0.03238546132548862,0.03727134614675223,0.03582591335877972,0.0020350053252522963,43.613964606361996,0.09713696235493473,0.018749287690302617
7283,-2.5,1.5,2.5,0.5,4.5,1.5,-0.0165178980678319,0.0089154634624719,-0.0333245731890201,-0.015334020130907424,0.008284597676456921,-0.03266994078890479,0.03824726949156389,0.03702825628066186,0.0014926828828594441,43.61026145298019,0.09713695870077059,0.013752662193968585
7287,-2.5,2.5,2.5,0.5,5.5,1.5,-0.0157681163400411,0.0157681163400411,-0.0345155708491802,-0.013983690408981822,0.013947922637025212,-0.03338377332672911,0.04109247640226761,0.0387887156899158,0.0027889508155867332,43.613964766192,0.09713696235493473,0.025695677817971732
7291,-2.5,3.5,2.5,0.5,6.5,1.5,-0.0153320040553808,0.0231766831129789,-0.0372061915695667,-0.013930756211538749,0.021923781263738812,-0.0364511621870565,0.04643845044340897,0.044759416644016795,0.00202566728071393,43.61026145298022,0.09713695870077059,0.01866325269012738
7395,-2.5,-3.5,1.5,0.5,-0.5,0.5,-0.0103131514042615,-0.0177020002156496,-0.0218316428363323,-0.007988772343346296,-0.01472130868589654,-0.01809046476733596,0.029938980150553875,0.024653647366616797,0.005318239686052321,43.61396227279564,0.09713696640714244,0.048998990146336525
7399,-2.5,-2.5,1.5,0.5,0.5,0.5,-0.0105540379881858,-0.0105540379881858,-0.0181416533887386,-0.009846087757242907,-0.009850805467296409,-0.015406022357042711,0.023492446092079657,0.020768469788204073,0.0029119420752319334,42.550638107241916,0.10046893684418842,0.02682884365388652
7403,-2.5,-1.5,1.5,0.5,1.5,0.5,-0.0109934601932764,-0.0057722595520317,-0.0172945614904165,-0.008896659489433448,-0.004047595692287857,-0.015155126382737858,0.0212903030627319,0.01803361962102757,0.0034566199097833634,43.613962347371896,0.09713696640714244,0.0318471702851791
7407,-2.5,-0.5,1.5,0.5,2.5,0.5,-0.0112677030265331,-0.0018618660978972,-0.0171659532934427,-0.009763223175148716,-0.0024556932536405605,-0.015090543861904933,0.02061789585125743,0.018140437430553137,0.0026312382299282103,42.5506381919972,0.10046893684418842,0.024242611035197325
7411,-2.5,0.5,1.5,0.5,3.5,0.5,-0.0112677030265331,0.0018618660978972,-0.0171659532934427,-0.009767071430175585,0.002521314525802788,-0.0150924666295579,0.02061789585125743,0.018153106076495423,0.0026431258695646283,43.61396382331852,0.09713696275297844,0.024352136436795086
7415,-2.5,1.5,1.5,0.5,4.5,0.5,-0.0109934601932764,0.0057722595520317,-0.0172945614904165,-0.008929509990310272,0.004106065990949621,-0.015160995532004664,0.0212903030627319,0.01806797476505182,0.0034041438163228523,42.55063834702641,0.10046893684418842,0.031363687828919504
7419,-2.5,2.5,1.5,0.5,5.5,0.5,-0.0105540379881858,0.0105540379881858,-0.0181416533887386,-0.00988581290803125,0.009904563849561671,-0.015409073916003742,0.023492446092079657,0.02081512048611557,0.002887097502562223,43.61396378339413,0.09713696275297844,0.02659994103886792
7423,-2.5,3.5,1.5,0.5,6.5,0.5,-0.0103131514042615,0.0177020002156496,-0.0218316428363323,-0.008043501778955168,0.014775664670658736,-0.018106653788960057,0.029938980150553875,0.024715766198138978,0.005252646242283344,42.55063834702642,0.10046893684418842,0.048394652490527316
7527,-2.5,-3.5,0.5,0.5,-0.5,-0.5,-0.003489141119644,-0.0063440483063459,-0.0055449618957936,-0.004577027797047626,-0.005666780530422594,-0.005953942187371368,0.009119630315525066,0.009408029156283677,0.001345159448569365,43.61396227279563,0.09713696640714244,0.012393471986334495
7531,-2.5,-2.5,0.5,0.5,0.5,-0.5,-0.0035223215818405,-0.0035223215818405,-0.0046801818534731,-0.002265177029319927,-0.002266813766104253,-0.00461730134265333,0.0068350274932422635,0.005620404194826795,0.0017778262738377755,43.610257698137765,0.09713696640714244,0.016379798056513985
7535,-2.5,-1.5,0.5,0.5,1.5,-0.5,-0.0036553537938743,-0.0019630680326372,-0.0045650484971702,-0.0040264797602685915,-0.0027701126024373447,-0.0048907570282468015,0.006168866609083814,0.006914157027388104,0.0009461191615182914,43.61396233729544,0.09713696640714244,0.00871696016147529
7539,-2.5,-0.5,0.5,0.5,2.5,-0.5,-0.0037412422243505,-0.0006406932370737,-0.0045576775446534,-0.003336245151708037,0.00045133081477564875,-0.004752476021878024,0.0059312566801929,0.005824110194286076,0.001180883400423372,43.61025923649033,0.09713696275297844,0.010879933496240682
7543,-2.5,0.5,0.5,0.5,3.5,-0.5,-0.0037412422243505,0.0006406932370737,-0.0045576775446534,-0.003334157828284617,-0.0004679093786866554,-0.004742913939555656,0.0059312566801929,0.005816423320959873,0.001195420422774938,43.613962372516816,0.09713696640714244,0.011013868681002953
7547,-2.5,1.5,0.5,0.5,4.5,-0.5,-0.0036553537938743,0.0019630680326372,-0.0045650484971702,-0.004026982224477761,0.002754710817580501,-0.004900687102180504,0.006168866609083814,0.00691532729509119,0.0009367279554699111,43.61025920586281,0.09713696275297846,0.008630435363837152
7551,-2.5,2.5,0.5,0.5,5.5,-0.5,-0.0035223215818405,0.0035223215818405,-0.0046801818534731,-0.002262010784103629,0.002247843573028089,-0.004608057225679079,0.0068350274932422635,0.005603899081116466,0.0017938448828627915,43.61396253234679,0.09713696640714244,0.016527383669820067
7555,-2.5,3.5,0.5,0.5,6.5,-0.5,-0.003489141119644,0.0063440483063459,-0.0055449618957936,-0.004575155805891513,0.005651080589379558,-0.005965844576161601,0.009119630315525066,0.0094052147228419,0.0013552764980388986,43.61025920586287,0.09713696275297846,0.012486684258915547
10959,-1.5,-3.5,7.5,1.5,-0.5,6.5,-0.0019747475162148,-0.0064374473877251,-0.1125098317861557,-0.0005947444458974322,-0.00434665345090961,-0.10697989918420228,0.11271114676540017,0.10706981809380417,0.00607091280965697,43.610254284945874,0.09713696235493469,0.05593365746936807
10963,-1.5,-2.5,7.5,1.5,0.5,6.5,-0.0019630680326372,-0.0036553537938743,-0.1133961528539657,-0.003060762275107547,-0.004383473807080472,-0.10830340222737396,0.1134720350110066,0.10843528043190756,0.005260342227292299,43.61395803427689,0.09713696235493469,0.04846555856394276
10967,-1.5,-1.5,7.5,1.5,1.5,6.5,-0.0020446679554879,-0.0020446679554879,-0.1134896352887153,-0.001382411976647048,-0.0013924567843167244,-0.10818618609976793,0.113526466747019,0.1082039780303062,0.005384285996588344,43.61025439013588,0.09713696235493469,0.049607500238058
10971,-1.5,-0.5,7.5,1.5,2.5,6.5,-0.0021055391989648,-0.0006661196239292,-0.1134856268763542,-0.00223745551887046,-0.0013978186593919853,-0.10822181889992953,0.11350711219210384,0.1082539707826582,0.005316056791140086,43.613958133998004,0.09713696235493469,0.04897887829493284
10975,-1.5,0.5,7.5,1.5,3.5,6.5,-0.0021055391989648,0.0006661196239292,-0.1134856268763542,-0.0022404131705426682,0.0013486856877250222,-0.10821551334268893,0.11350711219210384,0.10824710496027458,0.005315842743853204,43.61025585268473,0.09713695870077053,0.04897690619485463
10979,-1.5,1.5,7.5,1.5,4.5,6.5,-0.0020446679554879,0.0020446679554879,-0.1134896352887153,-0.001377893473350402,0.0013419350454202178,-0.10819259783797676,0.113526466747019,0.10820969275910639,0.005384888811057152,43.61395829382884,0.09713696235493469,0.04961305419988764
10983,-1.5,2.5,7.5,1.5,5.5,6.5,-0.0019630680326372,0.0036553537938743,-0.1133961528539657,-0.0030619493339996986,0.004336479937171112,-0.10829707321784136,0.1134720350110066,0.1084271029748557,0.005260426415520368,43.61025582205847,0.09713695870077053,0.0484663342225067
10987,-1.5,3.5,7.5,1.5,6.5,6.5,-0.0019747475162148,0.0064374473877251,-0.1125098317861557,-0.0005881640593091358,0.004296313120551064,-0.10698794801365873,0.11271114676540017,0.10707579214539496,0.006082620325977677,43.61395829382884,0.09713696235493469,0.05604152332549728
11091,-1.5,-3.5,6.5,1.5,-0.5,5.5,-0.0057395547628402,-0.0183376632630825,-0.0969407483935356,-0.005989692682815957,-0.016777113155601608,-0.0948796454250567,0.09882672250927185,0.09653753187364447,0.00259731227688181,42.55063053811561,0.10046894038390004,0.023930038165759848
11095,-1.5,-2.5,6.5,1.5,0.5,5.5,-0.0057722595520317,-0.0109934601932764,-0.1006666421890258,-0.004267549633476007,-0.00915830824438348,-0.0979548299617073,0.10142952231461273,0.09847454139319621,0.0036035899004686206,43.613958024200286,0.09713696235493477,0.03320126140376492
11099,-1.5,-1.5,6.5,1.5,1.5,5.5,-0.0060077169910073,-0.0060077169910073,-0.1014451384544372,-0.005772244914785982,-0.005778551585113654,-0.09780485511852932,0.10180030178210676,0.09814530123513099,0.0036550823038102673,42.550630590222376,0.10046894038390004,0.03367568074416539
11103,-1.5,-0.5,6.5,1.5,2.5,5.5,-0.0061749909073114,-0.0019339261343702,-0.1015371605753898,-0.005249298028469793,-0.0012163178835205913,-0.09803084156273402,0.10174313520189494,0.09817881877718498,0.0036967745300649523,43.61395957472311,0.0971369587007706,0.03405980727926493
11107,-1.5,0.5,6.5,1.5,3.5,5.5,-0.0061749909073114,0.0019339261343702,-0.1015371605753898,-0.005258417230741591,0.0011662469817145264,-0.09802722911821729,0.10174313520189494,0.098175092219923,0.003707972143915325,42.550630647422345,0.10046894038390004,0.03416297520758449
11111,-1.5,1.5,6.5,1.5,4.5,5.5,-0.0060077169910073,0.0060077169910073,-0.1014451384544372,-0.0057997432727707465,0.005732615119277039,-0.0978083124253282,0.10180030178210676,0.09814767382687388,0.003653140795714201,43.613959534799875,0.09713695870077063,0.03365779288245098
11115,-1.5,2.5,6.5,1.5,5.5,5.5,-0.0057722595520317,0.0109934601932764,-0.1006666421890258,-0.0043145836916875565,0.00911367874204568,-0.09794379618997594,0.10142952231461273,0.09846147462205376,0.003615561858517004,42.55063077790072,0.10046894038390004,0.033311563663360994
11119,-1.5,3.5,6.5,1.5,6.5,5.5,-0.0057395547628402,0.0183376632630825,-0.0969407483935356,-0.006039254660487644,0.016733241719704927,-0.09489248528701064,0.09882672250927185,0.09654562516887974,0.002619039952168592,43.61395953479985,0.09713695870077063,0.024130223604951682
11223,-1.5,-3.5,5.5,1.5,-0.5,4.5,-0.00881480704993,-0.0243834238499403,-0.0818681493401527,-0.008035128462890052,-0.022078298726688313,-0.07791425633282399,0.08587575943393384,0.08137964059872123,0.0046427115402896775,43.610254284945874,0.09713696235493469,0.04277508921073076
11227,-1.5,-2.5,5.5,1.5,0.5,4.5,-0.0089154634624719,-0.0165178980678319,-0.0846366286277771,-0.008383024102405557,-0.015433109588977924,-0.08041243735467614,0.08669305249445433,0.08230805577831753,0.004393637402852504,43.61395809071667,0.09713696235493469,0.04048027327041151
11231,-1.5,-1.5,5.5,1.5,1.5,4.5,-0.0092976242303848,-0.0092976242303848,-0.0857890769839286,-0.007846702071445834,-0.007853873113764079,-0.08154633685922257,0.08679088294523397,0.08229859726291172,0.004710672580835379,43.61025439013591,0.09713696235493469,0.043401240447345196
11235,-1.5,-0.5,5.5,1.5,2.5,4.5,-0.0095567228272557,-0.002993572037667,-0.0860254988074302,-0.0085615005525239,-0.003315451880402807,-0.08152834848595164,0.08660645974642345,0.08204366593301951,0.004617189082467455,43.61395819043779,0.09713696235493469,0.04253994097876575
11239,-1.5,0.5,5.5,1.5,3.5,4.5,-0.0095567228272557,0.002993572037667,-0.0860254988074302,-0.008565715212255019,0.0032894306191612534,-0.08151833654365037,0.08660645974642345,0.08203310931410303,0.004624298872831861,43.610255852684716,0.09713695870077053,0.04260544621519233
11243,-1.5,1.5,5.5,1.5,4.5,4.5,-0.0092976242303848,0.0092976242303848,-0.0857890769839286,-0.00784127519531052,0.007826809916103,-0.08155507607032167,0.08679088294523397,0.08230416139532286,0.004712855927723903,43.61395835026854,0.09713696235493469,0.04342135646298048
11247,-1.5,2.5,5.5,1.5,5.5,4.5,-0.0089154634624719,0.0165178980678319,-0.0846366286277771,-0.008386577973889139,0.015406704393088689,-0.08040188704210202,0.08669305249445433,0.08229316296205338,0.004409932827183269,43.610255822058484,0.09713695870077053,0.04063040928972399
11251,-1.5,3.5,5.5,1.5,6.5,4.5,-0.00881480704993,0.0243834238499403,-0.0818681493401527,-0.008029958435232227,0.022052605883465238,-0.07792167111382724,0.08587575943393384,0.08137926325480258,0.004650095712100657,43.61395835026853,0.09713696235493469,0.042843122429081934
11355,-1.5,-3.5,4.5,1.5,-0.5,3.5,-0.0105243884027004,-0.0269872061908245,-0.0666312575340271,-0.01027859230541129,-0.024969041880154242,-0.06549923792878745,0.07265532691966098,0.07084668433628821,0.00232698760051545,42.55063665169005,0.10046894038390004,0.02143943282724435
11359,-1.5,-2.5,4.5,1.5,0.5,3.5,-0.0106652360409498,-0.0191540233790874,-0.0675952658057212,-0.00987597659083882,-0.017645639348930785,-0.06595748340854497,0.07106154959443188,0.06898763019008419,0.0023623048157511988,43.61396348814311,0.09713696235493477,0.02176482393097195
11363,-1.5,-1.5,4.5,1.5,1.5,3.5,-0.0111438389867544,-0.0111438389867544,-0.0681014657020568,-0.010339357876326954,-0.010344669290467064,-0.06633432552649816,0.0699012154793737,0.06792758826190815,0.0020996777039755366,42.550636703796904,0.10046894038390004,0.01934513921916675
11367,-1.5,-0.5,4.5,1.5,2.5,3.5,-0.011461604386568,-0.0036189025267958,-0.0682394057512283,-0.010337360118664166,-0.0032843992536274015,-0.0665722290705942,0.06928983567517977,0.06745005541960543,0.0020384542423427547,43.61396503866635,0.0971369587007706,0.018781063891547194
11371,-1.5,0.5,4.5,1.5,3.5,3.5,-0.011461604386568,0.0036189025267958,-0.0682394057512283,-0.01033808199989015,0.0032355470027505993,-0.06659980489211163,0.06928983567517977,0.0674750229011506,0.0020242418305129427,42.55063676099703,0.10046894038390004,0.018650119468521093
11375,-1.5,1.5,4.5,1.5,4.5,3.5,-0.0111438389867544,0.0111438389867544,-0.0681014657020568,-0.010351399541221143,0.010294277540454111,-0.06629885798030599,0.0699012154793737,0.06788712832367175,0.002144553455708796,43.61396499874217,0.09713695870077063,0.019758596800395028
11379,-1.5,2.5,4.5,1.5,5.5,3.5,-0.0106652360409498,0.0191540233790874,-0.0675952658057212,-0.009874422540198602,0.017581926139873933,-0.06598972165601555,0.07106154959443188,0.0690019688960306,0.0023821519135367943,42.55063689147457,0.10046894038390004,0.02194768288548283
11383,-1.5,3.5,4.5,1.5,6.5,3.5,-0.0105243884027004,0.0269872061908245,-0.0666312575340271,-0.010306747802168609,0.024921693830390446,-0.06548239209693199,0.07265532691966098,0.07081852546028877,0.002373520704493104,43.61396499874216,0.09713695870077063,0.0218681602329044
11487,-1.5,-3.5,3.5,1.5,-0.5,2.5,-0.0105243884027004,-0.0269872061908245,-0.0513299480080604,-0.010260150062689252,-0.024920732685202254,-0.047624574151081595,0.0589392535730404,0.05472123591393088,0.004250874035978076,43.61025896024946,0.09713696235493477,0.03916493939685862
11491,-1.5,-2.5,3.5,1.5,0.5,2.5,-0.0106652360409498,-0.0191540233790874,-0.0503659397363662,-0.009821490340538546,-0.01758373927603436,-0.04709789067401112,0.05493042651339122,0.051223635807876325,0.0037226124758324626,43.61396353087877,0.09713696235493477,0.034297862223156256
11495,-1.5,-1.5,3.5,1.5,1.5,2.5,-0.0111438389867544,-0.0111438389867544,-0.0498597398400306,-0.010302907971315266,-0.010308219859974476,-0.0466965037108076,0.05229114601575442,0.0489180208937405,0.003378089268653161,43.610259065439514,0.09713696235493477,0.031123637248295505
11499,-1.5,-0.5,3.5,1.5,2.5,2.5,-0.011461604386568,-0.0036189025267958,-0.0497217997908592,-0.010283885065081377,-0.003242295423391605,-0.046403688411306744,0.05115390703607037,0.04764003641705151,0.0035410053427879663,43.61396363060007,0.09713696235493477,0.03262464577413287
11503,-1.5,0.5,3.5,1.5,3.5,2.5,-0.011461604386568,0.0036189025267958,-0.0497217997908592,-0.010287584847713393,0.003237464866336821,-0.04639307073310265,0.05115390703607037,0.0476301647362922,0.003550246992306539,43.61026052798881,0.0971369587007706,0.03270979264987148
11507,-1.5,1.5,3.5,1.5,4.5,2.5,-0.0111438389867544,0.0111438389867544,-0.0498597398400306,-0.010299346829416694,0.010303427855458394,-0.04670506969562429,0.05229114601575442,0.04892443873932918,0.0033721508853281853,43.613963790429935,0.09713696235493477,0.031068924636002238
11511,-1.5,2.5,3.5,1.5,5.5,2.5,-0.0106652360409498,0.0191540233790874,-0.0503659397363662,-0.009825020463171772,0.0175767689941242,-0.047087143059249506,0.05493042651339122,0.0512120383977906,0.0037341935222880455,43.61026049736147,0.0971369587007706,0.03440456286371775
11515,-1.5,3.5,3.5,1.5,6.5,2.5,-0.0105243884027004,0.0269872061908245,-0.0513299480080604,-0.010256837785209789,0.02491559473392299,-0.04763176713776688,0.0589392535730404,0.05472453584055005,0.004247316695360748,43.61396379042998,0.09713696235493477,0.03913216424790985
11619,-1.5,-3.5,2.5,1.5,-0.5,1.5,-0.00881480704993,-0.0243834238499403,-0.0360930524766445,-0.007944214131335567,-0.021990533332928122,-0.035229581979450836,0.04444052901412344,0.04228259146360334,0.002688761491065628,42.55063787635122,0.10046894038390004,0.024772594990800062
11623,-1.5,-2.5,2.5,1.5,0.5,1.5,-0.0089154634624719,-0.0165178980678319,-0.0333245731890201,-0.008318038607971796,-0.015341108934686244,-0.0326622901274858,0.03824726949156389,0.037031940078824876,0.0014766069125733549,43.613964571140635,0.09713696235493473,0.013604548089275872
11627,-1.5,-1.5,2.5,1.5,1.5,1.5,-0.0092976242303848,-0.0092976242303848,-0.0321721285581588,-0.0077947409250868,-0.007798711179902514,-0.031542130264787,0.034755395100927476,0.033413827434126,0.0022141130079336366,42.550637928458045,0.10046894038390004,0.020399475740655527
11631,-1.5,-0.5,2.5,1.5,2.5,1.5,-0.0095567228272557,-0.002993572037667,-0.0319357067346572,-0.008500294420363522,-0.003300621889065802,-0.03146911664417018,0.033469116949565926,0.03276361415429977,0.0011950007960974142,43.613966121663786,0.09713695870077058,0.011010002498835374
11635,-1.5,0.5,2.5,1.5,3.5,1.5,-0.0095567228272557,0.002993572037667,-0.0319357067346572,-0.008493505514225029,0.003246178022497206,-0.0315368214158182,0.033469116949565926,0.03282146268354176,0.0011633358654685616,42.550637985658014,0.10046894038390004,0.010718261299592946
11639,-1.5,1.5,2.5,1.5,4.5,1.5,-0.0092976242303848,0.0092976242303848,-0.0321721285581588,-0.007772404724596908,0.007734084091035196,-0.031461420132333315,0.034755395100927476,0.03331737217538814,0.0022969672994478134,43.61396608173945,0.09713695870077059,0.021162844233454388
11643,-1.5,2.5,2.5,1.5,5.5,1.5,-0.0089154634624719,0.0165178980678319,-0.0333245731890201,-0.008296044577837156,0.015278433898104475,-0.03271319515654747,0.03824726949156389,0.03704602590517059,0.0015145079337099388,42.55063811613568,0.10046894038390004,0.013953744791725755
11647,-1.5,3.5,2.5,1.5,6.5,1.5,-0.00881480704993,0.0243834238499403,-0.0360930524766445,-0.007950435816421415,0.021932948417164665,-0.03519206924631318,0.04444052901412344,0.04222256972021414,0.0027502251284744596,43.613966081739456,0.09713695870077059,0.025338883150329942
11751,-1.5,-3.5,1.5,1.5,-0.5,0.5,-0.0057395547628402,-0.0183376632630825,-0.0210204552859067,-0.005825925924178707,-0.016617585234052205,-0.018232601419026478,0.028479324487295166,0.025347846188386376,0.0032769280716156593,43.610257773941335,0.09713696640714244,0.030191600185386906
11755,-1.5,-2.5,1.5,1.5,0.5,0.5,-0.0057722595520317,-0.0109934601932764,-0.0172945614904165,-0.004043467018936875,-0.008900850424453365,-0.015155012879060906,0.0212903030627319,0.018034666040052525,0.0034562128880339044,43.6139623473719,0.09713696640714244,0.03184342023706761
11759,-1.5,-1.5,1.5,1.5,1.5,0.5,-0.0060077169910073,-0.0060077169910073,-0.0165160670876503,-0.005617180879658683,-0.005621266500599355,-0.015277648743104208,0.018573254936382073,0.017220856808627068,0.0013548219188927089,43.61025787913135,0.09713696640714244,0.012482496046194842
11763,-1.5,-0.5,1.5,1.5,2.5,0.5,-0.0061749909073114,-0.0019339261343702,-0.0164240412414073,-0.005057081352468966,-0.0011137185338632978,-0.015049267534915426,0.017652753714308324,0.015915240938032305,0.0019525534627248251,43.613962447093066,0.09713696640714244,0.017989626930723434
11767,-1.5,0.5,1.5,1.5,3.5,0.5,-0.0061749909073114,0.0019339261343702,-0.0164240412414073,-0.005059010346897613,0.0011216127433395769,-0.015041710121035815,0.017652753714308324,0.01590926284280042,0.0019534853423603224,43.6102593416803,0.09713696275297844,0.017998212696648398
11771,-1.5,1.5,1.5,1.5,4.5,0.5,-0.0060077169910073,0.0060077169910073,-0.0165160670876503,-0.005616190604235379,0.0056303714334285685,-0.015284164582430402,0.018573254936382073,0.017229288039971067,0.0013465757920481634,43.61396260692307,0.09713696640714244,0.012406521304202488
11775,-1.5,2.5,1.5,1.5,5.5,0.5,-0.0057722595520317,0.0109934601932764,-0.0172945614904165,-0.004046585559033717,0.008909947177444198,-0.01514547581820496,0.0212903030627319,0.01803184547269794,0.0034550754613693634,43.61025931105286,0.09713696275297844,0.031832940687213145
11779,-1.5,3.5,1.5,1.5,6.5,0.5,-0.0057395547628402,0.0183376632630825,-0.0210204552859067,-0.00582496220410887,0.016629939753420808,-0.018239838443549962,0.028479324487295166,0.025360930332472144,0.0032642677648246437,43.61396260692307,0.09713696640714244,0.03007495590375938
11883,-1.5,-3.5,0.5,1.5,-0.5,-0.5,-0.0019747475162148,-0.0064374473877251,-0.0054513737559318,-0.00039270991047831637,-0.004302997107395052,-0.006256505671469521,0.008663592352447524,0.007603543147583786,0.002776140916196958,42.550638147894816,0.10046893684418842,0.02557765528212753
11887,-1.5,-2.5,0.5,1.5,0.5,-0.5,-0.0019630680326372,-0.0036553537938743,-0.0045650484971702,-0.0027696827695406993,-0.0040264842680036396,-0.004890760020976792,0.006168866609083814,0.0069139895709464565,0.0009457553380012094,43.61396233729543,0.09713696640714244,0.00871360811531324
11891,-1.5,-1.5,0.5,1.5,1.5,-0.5,-0.0020446679554879,-0.0020446679554879,-0.004471568390727,-0.001199542908793768,-0.0012008759999222228,-0.0051775612532409514,0.005325059433409827,0.005448683041643056,0.0013873165214714892,42.55063820000161,0.10046893684418842,0.012781881332597504
11895,-1.5,-0.5,0.5,1.5,2.5,-0.5,-0.0021055391989648,-0.0006661196239292,-0.0044755754061043,-0.001981773612514317,-0.0012914390437809187,-0.00501880701175316,0.004990770069587116,0.005548302918576319,0.0008375218651527615,43.61396388781827,0.09713696275297844,0.00771641145200499
11899,-1.5,0.5,0.5,1.5,3.5,-0.5,-0.0021055391989648,0.0006661196239292,-0.0044755754061043,-0.0019717932195259416,0.0012475467267442774,-0.005087615606984599,0.004990770069587116,0.005597157662636645,0.0008547155494066963,42.550638257201605,0.10046893684418842,0.007874823485886662
11903,-1.5,1.5,0.5,1.5,4.5,-0.5,-0.0020446679554879,0.0020446679554879,-0.004471568390727,-0.001167285917047739,0.0011507966368766184,-0.0050981830749137905,0.005325059433409827,0.0053552180139488205,0.0014005181676978687,43.613963847893906,0.09713696275297846,0.012903513182899074
11907,-1.5,2.5,0.5,1.5,5.5,-0.5,-0.0019630680326372,0.0036553537938743,-0.0045650484971702,-0.0027136950592720837,0.0039961500051474315,-0.004959220692874454,0.006168866609083814,0.00692294919950968,0.000913758562531241,42.55063838767935,0.10046893684418842,0.008418809501764608
11911,-1.5,3.5,0.5,1.5,6.5,-0.5,-0.0019747475162148,0.0064374473877251,-0.0054513737559318,-0.00031757385119724835,0.004229340772319657,-0.006158544922500435,0.008663592352447524,0.007477690290579409,0.002849921128707079,43.61396384789389,0.09713696275297846,0.026257420790865165
15315,-0.5,-3.5,7.5,2.5,-0.5,6.5,-0.0006498795119114,-0.0065143429674208,-0.1125019416213035,-0.002160489432407509,-0.00531495201696355,-0.10705475509182301,0.11269226182946356,0.10720838128290332,0.005778609008307601,43.613958059421655,0.09713696235493469,0.05324054998878252
15319,-0.5,-2.5,7.5,2.5,0.5,6.5,-0.0006406932370737,-0.0037412422243505,-0.1134035289287567,0.0003534649241189488,-0.003683407374090392,-0.10832922028889443,0.1134670337794227,0.10839240008292049,0.005171102734615846,42.55063060676954,0.10046894038390004,0.0476433607540574
15323,-0.5,-1.5,7.5,2.5,1.5,6.5,-0.0006661196239292,-0.0021055391989648,-0.1134856268763542,-0.0013874961863575405,-0.0022476469895309414,-0.10822225777774688,0.11350711219210384,0.10825448785694661,0.0053144739191320674,43.613958133998004,0.09713696235493469,0.04896429468559924
15327,-0.5,-0.5,7.5,2.5,2.5,6.5,-0.0006869470817036,-0.0006869470817036,-0.11347346752882,-0.0005802604369210975,-0.0005900529356176127,-0.10822349846989097,0.113477626101361,0.10822666254534499,0.005251946842403563,42.5506306915247,0.10046894038390004,0.048388208650113805
15331,-0.5,0.5,7.5,2.5,3.5,6.5,-0.0006869470817036,0.0006869470817036,-0.11347346752882,-0.0005640230603703369,0.0005256928507549668,-0.10828515176846455,0.113477626101361,0.10828789668520378,0.0051922763477276765,43.61395960994444,0.09713695870077053,0.04783844140507617
15335,-0.5,1.5,7.5,2.5,4.5,6.5,-0.0006661196239292,0.0021055391989648,-0.1134856268763542,-0.0013588297674846325,0.002192891357834125,-0.10815268918310883,0.11350711219210384,0.10818345237781243,0.005378447934365546,42.55063082200311,0.10046894038390004,0.0495537119227102
15339,-0.5,2.5,7.5,2.5,5.5,6.5,-0.0006406932370737,0.0037412422243505,-0.1134035289287567,0.00041758253605204124,0.003606586208781744,-0.1083921275462609,0.1134670337794227,0.10845291675773723,0.005123692386452814,43.6139595700212,0.09713695870077053,0.047206550959913066
15343,-0.5,3.5,7.5,2.5,6.5,6.5,-0.0006498795119114,0.0065143429674208,-0.1125019416213035,-0.002087375829604814,0.005281840841655054,-0.10696805999725836,0.11269226182946356,0.10711872310715648,0.00584887194101082,42.5506308220031,0.10046894038390004,0.053887909444244236
15447,-0.5,-3.5,6.5,2.5,-0.5,5.5,-0.0018668507691472,-0.0186843555420637,-0.0970243290066719,-0.0007348399363688124,-0.016428968598399006,-0.09509405675587296,0.09882464618207053,0.09650559895274705,0.0031771323160021555,43.613959510223346,0.0971369587007706,0.029272143460114336
15451,-0.5,-2.5,6.5,2.5,0.5,5.5,-0.0018618660978972,-0.0112677030265331,-0.1007952541112899,-0.002584481228805797,-0.010008243645625439,-0.09801555392467018,0.10144018399145452,0.09855908530040332,0.00313610326473285,43.61025574749467,0.0971369587007706,0.028894127011526907
15455,-0.5,-1.5,6.5,2.5,1.5,5.5,-0.0019339261343702,-0.0061749909073114,-0.1015371605753898,-0.0012093600330077246,-0.005256219730332344,-0.09803145703669618,0.10174313520189494,0.09817971769301734,0.003695821128260963,43.6139595747231,0.0971369587007706,0.034051023221314
15459,-0.5,-0.5,6.5,2.5,2.5,5.5,-0.0019889564719051,-0.0019889564719051,-0.101603128015995,-0.0019392746405546802,-0.0019457537833387911,-0.09813792953811774,0.10164205585449822,0.09817637168863717,0.0034658238916235387,43.610256121322415,0.0971369587007706,0.03193197011409177
15463,-0.5,0.5,6.5,2.5,3.5,5.5,-0.0019889564719051,0.0019889564719051,-0.101603128015995,-0.0019429846476285869,0.0018741761614884617,-0.09813134160183858,0.10164205585449822,0.09816846708695184,0.0034739874544689646,43.6139596099444,0.0971369587007706,0.03200718416216694
15467,-0.5,1.5,6.5,2.5,4.5,5.5,-0.0019339261343702,0.0061749909073114,-0.1015371605753898,-0.0012066249729285965,0.005183471599877743,-0.0980373875018542,0.10174313520189494,0.09818173796506534,0.0037095133215413697,43.6102560488805,0.0971369587007706,0.03417717467052151
15471,-0.5,2.5,6.5,2.5,5.5,5.5,-0.0018618660978972,0.0112677030265331,-0.1007952541112899,-0.002589425923731422,0.009935903122026338,-0.0980080181303602,0.10144018399145452,0.09854440073036011,0.0031735971230137704,43.6139597697753,0.0971369587007706,0.029239572365799507
15475,-0.5,3.5,6.5,2.5,6.5,5.5,-0.0018668507691472,0.0186843555420637,-0.0970243290066719,-0.0007321406893446803,0.016353153432835357,-0.09510058023268805,0.09882464618207053,0.09649912962188201,0.0032284484794836803,43.610256048880444,0.0971369587007706,0.029744939034818018
15579,-0.5,-3.5,5.5,2.5,-0.5,4.5,-0.0028706500306725,-0.025046145543456,-0.0820991396903991,-0.002698824731870632,-0.023056336383936806,-0.07788915653709923,0.08588258715296276,0.08127483625602301,0.004659701983569719,43.61395811586152,0.09713696235493469,0.04293162870725703
15583,-0.5,-2.5,5.5,2.5,0.5,4.5,-0.0028786328621208,-0.0169805940240621,-0.0849078223109245,-0.002404950938453592,-0.015249892005868406,-0.08060709015694204,0.08663697472874053,0.08207219979247785,0.0046600430363771825,42.550630678152494,0.10046894038390004,0.04293477095810295
15587,-0.5,-1.5,5.5,2.5,1.5,4.5,-0.002993572037667,-0.0095567228272557,-0.0860254988074302,-0.0033081124254202596,-0.008568654094325953,-0.08152891984256545,0.08660645974642345,0.08204468423671879,0.004614589674476536,43.613958190437806,0.09713696235493469,0.04251599163197956
15591,-0.5,-0.5,5.5,2.5,2.5,4.5,-0.0030758485663682,-0.0030758485663682,-0.086233802139759,-0.0028284795954076247,-0.002835651949339329,-0.08157419737860443,0.08634344399133939,0.08167246106713659,0.004672344417185073,42.55063076290767,0.10046894038390004,0.043048108316434686
15595,-0.5,0.5,5.5,2.5,3.5,4.5,-0.0030758485663682,0.0030758485663682,-0.086233802139759,-0.002812644378511735,0.002796178973894542,-0.08163775579035483,0.08634344399133939,0.08173403670283047,0.0046120639166571525,43.61395966638424,0.09713695870077053,0.042492720852584535
15599,-0.5,1.5,5.5,2.5,4.5,4.5,-0.002993572037667,0.0095567228272557,-0.0860254988074302,-0.003295275435500587,0.008539121285071076,-0.08146068295137492,0.08660645974642345,0.08197327795947526,0.004686585285537283,42.55063089338599,0.10046894038390004,0.04317931492035952
15603,-0.5,2.5,5.5,2.5,5.5,4.5,-0.0028786328621208,0.0169805940240621,-0.0849078223109245,-0.002374467790805421,0.015221709839994367,-0.08066100702360413,0.08663697472874053,0.08211903921627717,0.0046242076160912275,43.61395962646107,0.09713695870077053,0.04260460543170022
15607,-0.5,3.5,5.5,2.5,6.5,4.5,-0.0028706500306725,0.025046145543456,-0.0820991396903991,-0.002712761250985508,0.023020206709634474,-0.07786285816111096,0.08588258715296276,0.08123985272990364,0.004698450619142975,42.55063089338601,0.10046894038390004,0.04328863480790671
15711,-0.5,-3.5,4.5,2.5,-0.5,3.5,-0.0034580235369503,-0.0278571918606758,-0.0667645707726478,-0.0028285996425500633,-0.0253410261705667,-0.06577300412970274,0.072425748015471,0.07054258753094526,0.002776773059925047,43.61396497416651,0.0971369587007706,0.025583479465716874
15715,-0.5,-2.5,4.5,2.5,0.5,3.5,-0.0034758844412863,-0.0197380259633064,-0.0677458271384239,-0.0033485489275149887,-0.01825449666620964,-0.0659290455973502,0.07064820263988708,0.06849144823869695,0.002348993119700001,43.61026042279869,0.0971369587007706,0.021642178149256945
15719,-0.5,-1.5,4.5,2.5,1.5,3.5,-0.0036189025267958,-0.011461604386568,-0.0682394057512283,-0.0032789527965119826,-0.010342691354510223,-0.06657295494194562,0.06928983567517977,0.06745132412042582,0.0020358267343238414,43.61396503866636,0.0971369587007706,0.018756855648382486
15723,-0.5,-0.5,4.5,2.5,2.5,3.5,-0.0037179607897996,-0.0037179607897996,-0.0683656707406044,-0.003576779022873743,-0.003582127134550358,-0.06667155731101237,0.06856756814035121,0.06686345442214424,0.0017054041707274944,43.61026079662679,0.0971369587007706,0.015712545332650436
15727,-0.5,0.5,4.5,2.5,3.5,3.5,-0.0037179607897996,0.0037179607897996,-0.0683656707406044,-0.0035806196287532493,0.003523208834821916,-0.0666614396913701,0.06856756814035121,0.06685044038109063,0.0017208121302627504,43.61396507388779,0.0971369587007706,0.015854504797061783
15731,-0.5,1.5,4.5,2.5,4.5,3.5,-0.0036189025267958,0.011461604386568,-0.0682394057512283,-0.003275079526311624,0.01028378034607003,-0.06658120767924149,0.06928983567517977,0.06745027427769414,0.0020627904818419415,43.6102607241839,0.0971369587007706,0.019005283037319597
15735,-0.5,2.5,4.5,2.5,5.5,3.5,-0.0034758844412863,0.0197380259633064,-0.0677458271384239,-0.003351965380895932,0.018197629377731235,-0.0659185358176848,0.07064820263988708,0.06846636218780273,0.002393150882252964,43.613965233717764,0.0971369587007706,0.022049020619687793
15739,-0.5,3.5,4.5,2.5,6.5,3.5,-0.0034580235369503,0.0278571918606758,-0.0667645707726478,-0.0028249034831088642,0.02528237865234661,-0.06577985603463435,0.072425748015471,0.07052778324849529,0.002828456677346068,43.61026072418391,0.0971369587007706,0.026059660535062295
15843,-0.5,-3.5,3.5,2.5,-0.5,2.5,-0.0034580235369503,-0.0278571918606758,-0.0511966310441494,-0.002786471185623933,-0.02527561362136498,-0.047309447257783646,0.05838729395523795,0.053710379494487426,0.004714416883904088,43.613963556023776,0.09713696235493477,0.04343573815335302
15847,-0.5,-2.5,3.5,2.5,0.5,2.5,-0.0034758844412863,-0.0197380259633064,-0.0502153784036636,-0.0033142206700104517,-0.018182343706973653,-0.04705957332213068,0.05406714038859887,0.05055872944001898,0.0035221283580018346,42.55063680078317,0.10046894038390004,0.03245072484425188
15851,-0.5,-1.5,3.5,2.5,1.5,2.5,-0.0036189025267958,-0.011461604386568,-0.0497217997908592,-0.003236867586781459,-0.010289342481520124,-0.04640439454688472,0.05115390703607037,0.047641533494833216,0.003539113762252865,43.61396363060007,0.09713696235493477,0.032607217914263464
15855,-0.5,-0.5,3.5,2.5,2.5,2.5,-0.0037179607897996,-0.0037179607897996,-0.0495955348014831,-0.0035408137989211847,-0.003546372578710339,-0.04625322705994579,0.04987347528610871,0.04652392002276422,0.003351394427652809,42.550636885538594,0.10046894038390004,0.030877687398655467
15859,-0.5,0.5,3.5,2.5,3.5,2.5,-0.0037179607897996,0.0037179607897996,-0.0495955348014831,-0.0035406302189702906,0.003545104950721407,-0.04628479224035452,0.04987347528610871,0.046555191162660874,0.0033199912015730256,43.61396510654695,0.0971369587007706,0.03058835738419937
15863,-0.5,1.5,3.5,2.5,4.5,2.5,-0.0036189025267958,0.011461604386568,-0.0497217997908592,-0.003250884328722004,0.010288862862247913,-0.04637456483257321,0.05115390703607037,0.0476133301852266,0.003565773680837007,42.550637016016125,0.10046894038390004,0.03285284601023523
15867,-0.5,2.5,3.5,2.5,5.5,2.5,-0.0034758844412863,0.0197380259633064,-0.0502153784036636,-0.0033129420088895143,0.018196060142350822,-0.04710297359801102,0.05406714038859887,0.05060397525129065,0.003477250710478014,43.61396506662284,0.0971369587007706,0.032037249796375136
15871,-0.5,3.5,3.5,2.5,6.5,2.5,-0.0034580235369503,0.0278571918606758,-0.0511966310441494,-0.002816739130267964,0.025271552989643984,-0.04729896374097317,0.05838729395523795,0.05370081359538476,0.004721078739853176,42.55063701601611,0.10046894038390004,0.04349711639752313
15975,-0.5,-3.5,2.5,2.5,-0.5,1.5,-0.0028706500306725,-0.025046145543456,-0.0358620658516883,-0.0026837610334195365,-0.02296581482551041,-0.03519929736909633,0.04383648942756946,0.04211438898004109,0.0021913387357593763,43.61396605716394,0.09713695870077058,0.020189647601321532
15979,-0.5,-2.5,2.5,2.5,0.5,1.5,-0.0028786328621208,-0.0169805940240621,-0.033053383231163,-0.002346834977337112,-0.015145747076594841,-0.03239643738835742,0.03727134614675223,0.035838951496616034,0.0020201609221222583,43.61026148360764,0.09713695870077058,0.01861252048806377
15983,-0.5,-1.5,2.5,2.5,1.5,1.5,-0.002993572037667,-0.0095567228272557,-0.0319357067346572,-0.0032969813709338596,-0.008504174206266672,-0.0314696241638978,0.033469116949565926,0.03276474187457909,0.001190440584752147,43.6139661216638,0.09713695870077058,0.01096798751569011
15987,-0.5,-0.5,2.5,2.5,2.5,1.5,-0.0030758485663682,-0.0030758485663682,-0.0317274034023284,-0.002791132985075908,-0.0027949516390106685,-0.031349672869614736,0.03202420671087011,0.0315975341923487,0.0005501330760585651,43.61026185743567,0.09713695870077058,0.005068587871972463
15991,-0.5,0.5,2.5,2.5,3.5,1.5,-0.0030758485663682,0.0030758485663682,-0.0317274034023284,-0.0027933359672285586,0.0027570070189802376,-0.03133919664375075,0.03202420671087011,0.03158400006022349,0.0005763486691393979,43.61396615688511,0.09713695870077058,0.005310122225983799
15995,-0.5,1.5,2.5,2.5,4.5,1.5,-0.002993572037667,0.0095567228272557,-0.0319357067346572,-0.003293281808141762,0.008467375959733275,-0.03147846094113126,0.033469116949565926,0.03276332803507045,0.0012188421801021313,43.610261784992694,0.09713695870077058,0.01122966235038097
15999,-0.5,2.5,2.5,2.5,5.5,1.5,-0.0028786328621208,0.0169805940240621,-0.033053383231163,-0.0023485406152566886,0.015108049730068816,-0.0323855017858195,0.03727134614675223,0.03581325921480842,0.002057543571394388,43.6139663167152,0.09713695870077058,0.018956941230914626
16003,-0.5,3.5,2.5,2.5,6.5,1.5,-0.0028706500306725,0.025046145543456,-0.0358620658516883,-0.0026803018028818794,0.02292763743347509,-0.03520683819277243,0.04383648942756946,0.04209966783203259,0.0022256757052379174,43.6102617849927,0.09713695870077058,0.02050600732342029
16107,-0.5,-3.5,1.5,2.5,-0.5,0.5,-0.0018668507691472,-0.0186843555420637,-0.0209368783980608,-0.0006288434455685734,-0.01621977025791097,-0.018026368918881742,0.028123711541539052,0.02425750126657883,0.004009726696981685,43.613962372516816,0.09713696640714244,0.036943156102982606
16111,-0.5,-2.5,1.5,2.5,0.5,0.5,-0.0018618660978972,-0.0112677030265331,-0.0171659532934427,-0.002451422238497539,-0.009767834658430324,-0.015090257793709231,0.02061789585125743,0.018142104210549424,0.002627868598725709,42.55063821654871,0.10046893684418842,0.024211565325369472
16115,-0.5,-1.5,1.5,2.5,1.5,0.5,-0.0019339261343702,-0.0061749909073114,-0.0164240412414073,-0.0011095332428699121,-0.005061145124171653,-0.015050094637768694,0.017652753714308324,0.015917022415978244,0.0019514111145077717,43.61396244709304,0.09713696640714244,0.0179791020367105
16119,-0.5,-0.5,1.5,2.5,2.5,0.5,-0.0019889564719051,-0.0019889564719051,-0.0163580738008022,-0.0018390452391774488,-0.0018434441433725047,-0.014932668319899664,0.016598146708797272,0.015157999764270043,0.001440634582550305,42.55063830130397,0.10046893684418842,0.013273121160744836
16123,-0.5,0.5,1.5,2.5,3.5,0.5,-0.0019889564719051,0.0019889564719051,-0.0163580738008022,-0.0018528860494948032,0.0018688820028652316,-0.014936545172862109,0.016598146708797272,0.01516661756470428,0.0014330654828106633,43.61396392303966,0.09713696275297844,0.013203384130175865
16127,-0.5,1.5,1.5,2.5,4.5,0.5,-0.0019339261343702,0.0061749909073114,-0.0164240412414073,-0.0011340134582235033,0.005080277401422797,-0.01505180063086196,0.017652753714308324,0.015926453064950014,0.001929067713343659,42.55063843178175,0.10046893684418842,0.01777324367791045
16131,-0.5,2.5,1.5,2.5,5.5,0.5,-0.0018618660978972,0.0112677030265331,-0.0171659532934427,-0.0025046314837158558,0.00978507702448368,-0.015090805009756705,0.02061789585125743,0.018159110856173468,0.0026301269175544703,43.613963883115325,0.09713696275297844,0.02423237208635995
16135,-0.5,3.5,1.5,2.5,6.5,0.5,-0.0018668507691472,0.0186843555420637,-0.0209368783980608,-0.0006750887988466773,0.016235138215999548,-0.01803783193797623,0.028123711541539052,0.024277537741740046,0.003977867831122132,42.55063843178172,0.10046893684418842,0.03664962810378021
16239,-0.5,-3.5,0.5,2.5,-0.5,-0.5,-0.0006498795119114,-0.0065143429674208,-0.0054592634551227,-0.002060758059784786,-0.0050811936335001745,-0.006069063157735,0.008524233991956419,0.008179167447525879,0.002101511591086877,43.6139638233185,0.09713696275297844,0.019362035527306778
16243,-0.5,-2.5,0.5,2.5,0.5,-0.5,-0.0006406932370737,-0.0037412422243505,-0.0045576775446534,0.00045276293272348623,-0.003337214766117348,-0.004753353012766098,0.0059312566801929,0.005825492385405081,0.0011820209266738884,43.610259236490336,0.09713696275297844,0.010890413963619096
16247,-0.5,-1.5,0.5,2.5,1.5,-0.5,-0.0006661196239292,-0.0021055391989648,-0.0044755754061043,-0.0012911648385688242,-0.0019821402240622794,-0.005019188392896402,0.004990770069587116,0.005548715043285976,0.0008375105412828644,43.6139638878183,0.09713696275297844,0.007716307120831095
16251,-0.5,-0.5,0.5,2.5,2.5,-0.5,-0.0006869470817036,-0.0006869470817036,-0.0044877328909933,-0.0005060108589027593,-0.0005074962121415317,-0.004907930156073516,0.004591681509754925,0.004959977601921335,0.0004914328772975112,43.61025961031833,0.09713696275297844,0.004527760336834444
16255,-0.5,0.5,0.5,2.5,3.5,-0.5,-0.0006869470817036,0.0006869470817036,-0.0044877328909933,-0.0005061583143353206,0.0004922019727626775,-0.004900420146405145,0.004591681509754925,0.00495101773703707,0.0004908370469334141,43.61396392303967,0.09713696275297844,0.004522270722250909
16259,-0.5,1.5,0.5,2.5,4.5,-0.5,-0.0006661196239292,0.0021055391989648,-0.0044755754061043,-0.0012893180440916416,0.0019682830047583325,-0.005026424375854705,0.004990770069587116,0.005549902793007022,0.0008430006650152114,43.61025953787536,0.09713696275297844,0.007766889744884114
16263,-0.5,2.5,0.5,2.5,5.5,-0.5,-0.0006406932370737,0.0037412422243505,-0.0045576775446534,0.0004544092218522972,0.0033195675878197545,-0.004745044516443245,0.0059312566801929,0.00580874032592575,0.0011883456049301476,43.61396408286974,0.09713696275297844,0.010948685659866625
16267,-0.5,3.5,0.5,2.5,6.5,-0.5,-0.0006498795119114,0.0065143429674208,-0.0054592634551227,-0.002056701383892878,0.005067313090478906,-0.006078220873370723,0.008524233991956419,0.008176334846673374,0.0021109598598391685,43.61025953787535,0.09713696275297844,0.01944908606560945
19671,0.5,-3.5,7.5,3.5,-0.5,6.5,0.0006498795119114,-0.0065143429674208,-0.1125019416213035,0.00213184665944177,-0.005319017872250918,-0.10704800459851802,0.11269226182946356,0.10720126869505338,0.005776716866699667,43.61025574749471,0.09713695870077053,0.05322311695953305
19675,0.5,-2.5,7.5,3.5,0.5,6.5,0.0006406932370737,-0.0037412422243505,-0.1134035289287567,-0.0004462951228884845,-0.0036543182972992353,-0.10839094086331828,0.1134670337794227,0.10845344292732274,0.0051298283185271356,43.61395951022337,0.09713695870077053,0.04726308366490505
19679,0.5,-1.5,7.5,3.5,1.5,6.5,0.0006661196239292,-0.0021055391989648,-0.1134856268763542,0.0013583956334682413,-0.002250425492052584,-0.10821572236717522,0.11350711219210384,0.10824764302765143,0.005317154468996833,43.61025585268472,0.09713695870077053,0.04898899162371485
19683,0.5,-0.5,7.5,3.5,2.5,6.5,0.0006869470817036,-0.0006869470817036,-0.11347346752882,0.0005358629669990875,-0.0005742768632866216,-0.10828493173570511,0.113477626101361,0.10828778040038231,0.005191957690916646,43.61395960994443,0.09713695870077053,0.047835505497169514
19687,0.5,0.5,7.5,3.5,3.5,6.5,0.0006869470817036,0.0006869470817036,-0.11347346752882,0.0005353236489150927,0.0005256401491970497,-0.10827763996801301,0.113477626101361,0.10828023912985317,0.005200541667315694,43.610256121322436,0.09713695870077053,0.047914592977204774
19691,0.5,1.5,7.5,3.5,4.5,6.5,0.0006661196239292,0.0021055391989648,-0.1134856268763542,0.0013606665924112249,0.0022002162025950896,-0.1082225390818285,0.11350711219210384,0.10825345412610057,0.0053095623510162745,43.61395976977532,0.09713695870077053,0.048919042517228575
19695,0.5,2.5,7.5,3.5,5.5,6.5,0.0006406932370737,0.0037412422243505,-0.1134035289287567,-0.00044505871303242636,0.0036081472135727146,-0.10838267819841335,0.1134670337794227,0.10844363391658214,0.005138629548375961,43.61025604888054,0.09713695870077053,0.04734417278463188
19699,0.5,3.5,7.5,3.5,6.5,6.5,0.0006498795119114,0.0065143429674208,-0.1125019416213035,0.002136288447391799,0.005269052923235862,-0.10705647060488284,0.11269226182946356,0.10720734371027231,0.005780425019693587,43.6139597697753,0.09713695870077053,0.053257281600981365
19803,0.5,-3.5,6.5,3.5,-0.5,5.5,0.0018668507691472,-0.0186843555420637,-0.0970243290066719,0.0007183996877018579,-0.016431467453937577,-0.09508164984727774,0.09882464618207053,0.096493675225278,0.0031888002352668597,42.550630582218034,0.10046894038390004,0.029379644493318778
19807,0.5,-2.5,6.5,3.5,0.5,5.5,0.0018618660978972,-0.0112677030265331,-0.1007952541112899,0.0025264728596013294,-0.010013516002305883,-0.09801019074715041,0.10144018399145452,0.09855278310698053,0.0031259022988114533,43.61395805942165,0.09713696235493477,0.02880014158436075
19811,0.5,-1.5,6.5,3.5,1.5,5.5,0.0019339261343702,-0.0061749909073114,-0.1015371605753898,0.001172644020307676,-0.005264699089576219,-0.09802809014130355,0.10174313520189494,0.0981763648097325,0.003704288995476113,42.55063063432472,0.10046894038390004,0.03412904094272731
19815,0.5,-0.5,6.5,3.5,2.5,5.5,0.0019889564719051,-0.0019889564719051,-0.101603128015995,0.0018810917897380622,-0.001949939846332713,-0.09813114807715179,0.10164205585449822,0.09816854381453168,0.003473874174816895,43.613959609944416,0.0971369587007706,0.03200614047311131
19819,0.5,0.5,6.5,3.5,3.5,5.5,0.0019889564719051,0.0019889564719051,-0.101603128015995,0.001867516459662122,0.0018610878551538715,-0.09813511039461796,0.10164205585449822,0.0981705208191113,0.0034724982767317665,42.55063069152471,0.10046894038390004,0.03199346379422969
19823,0.5,1.5,6.5,3.5,4.5,5.5,0.0019339261343702,0.0061749909073114,-0.1015371605753898,0.0011482843458818037,0.0051811416744733454,-0.09802946794055421,0.10174313520189494,0.09817300734264031,0.0037294606765472006,43.6139595700212,0.09713695870077063,0.03436095733340892
19827,0.5,2.5,6.5,3.5,5.5,5.5,0.0018618660978972,0.0112677030265331,-0.1007952541112899,0.002474213031214027,0.009932506780123114,-0.09800949094859733,0.10144018399145452,0.09854256307334514,0.0031493164626287904,42.550630822003086,0.10046894038390004,0.029015865291808395
19831,0.5,3.5,6.5,3.5,6.5,5.5,0.0018668507691472,0.0186843555420637,-0.0970243290066719,0.0006717882017183299,0.016352173042047977,-0.09509295480212052,0.09882464618207053,0.0964910095064985,0.0032553734150563706,43.6139595700212,0.09713695870077063,0.029993008834356575
19935,0.5,-3.5,5.5,3.5,-0.5,4.5,0.0028706500306725,-0.025046145543456,-0.0820991396903991,0.002685319281385122,-0.02305953328669663,-0.07788095301000679,0.08588258715296276,0.08126743417132187,0.004666269882462553,43.610255747494705,0.09713695870077053,0.042992141288887405
19939,0.5,-2.5,5.5,3.5,0.5,4.5,0.0028786328621208,-0.0169805940240621,-0.0849078223109245,0.0023647024221408177,-0.015246043021376884,-0.08066237058824602,0.08663697472874053,0.0821246106491257,0.004614829575146629,43.61395956666316,0.09713695870077053,0.04251820192923277
19943,0.5,-1.5,5.5,3.5,1.5,4.5,0.002993572037667,-0.0095567228272557,-0.0860254988074302,0.0032965503792499375,-0.008572805092245834,-0.08151912924127769,0.08660645974642345,0.08203492344001245,0.004622473001703834,43.61025585268469,0.09713695870077053,0.042588623761393316
19947,0.5,-0.5,5.5,3.5,2.5,4.5,0.0030758485663682,-0.0030758485663682,-0.086233802139759,0.00280352999064906,-0.0028200427863461115,-0.08163777430914608,0.08634344399133939,0.08173456194215739,0.004611189198411063,43.61395966638422,0.09713695870077053,0.04248466173655158
19951,0.5,0.5,5.5,3.5,3.5,4.5,0.0030758485663682,0.0030758485663682,-0.086233802139759,0.00280130184869568,0.002794166667005489,-0.08162728421646731,0.08634344399133939,0.08172311905431928,0.004623281082761555,43.610256121322415,0.09713695870077053,0.04259606892334955
19955,0.5,1.5,5.5,3.5,4.5,4.5,0.002993572037667,0.0095567228272557,-0.0860254988074302,0.003300270566023708,0.008545795245612903,-0.08152798865106643,0.08660645974642345,0.08204105884054227,0.0046199173335913215,43.61395982621507,0.09713695870077053,0.04256507740695
19959,0.5,2.5,5.5,3.5,5.5,4.5,0.0028786328621208,0.0169805940240621,-0.0849078223109245,0.002362986799740194,0.015219927373347729,-0.08065139026511324,0.08663697472874053,0.0821089315943237,0.004634981302788117,43.61025604888052,0.09713695870077053,0.04270386755591119
19963,0.5,3.5,5.5,3.5,6.5,4.5,0.0028706500306725,0.025046145543456,-0.0820991396903991,0.0026887850598059197,0.02303392751461798,-0.07788844975786709,0.08588258715296276,0.08126747189085123,0.004670332533250232,43.61395982621507,0.09713695870077053,0.0430295720550177
20067,0.5,-3.5,4.5,3.5,-0.5,3.5,0.0034580235369503,-0.0278571918606758,-0.0667645707726478,0.002809153874193352,-0.025339001784919973,-0.06578163286658903,0.072425748015471,0.07054912883615062,0.0027800143927772508,42.550636695792576,0.10046894038390004,0.02561334311343901
20071,0.5,-2.5,4.5,3.5,0.5,3.5,0.0034758844412863,-0.0197380259633064,-0.0677458271384239,0.0033014571476687408,-0.018258310533601527,-0.06591966788073358,0.07064820263988708,0.06848115168676368,0.0023568708636905597,43.61396352336459,0.09713696235493477,0.02171475883816066
20075,0.5,-1.5,4.5,3.5,1.5,3.5,0.0036189025267958,-0.011461604386568,-0.0682394057512283,0.003240810839426676,-0.010343439155757977,-0.06660103953528221,0.06928983567517977,0.06747731511883114,0.002019279739165328,42.55063674789939,0.10046894038390004,0.018604401810160442
20079,0.5,-0.5,4.5,3.5,2.5,3.5,0.0037179607897996,-0.0037179607897996,-0.0683656707406044,0.0035286038260683977,-0.003586014709847078,-0.06666152657126317,0.06856756814035121,0.06685110074839314,0.0017197014792190055,43.61396507388782,0.0971369587007706,0.015844271941312316
20083,0.5,0.5,4.5,3.5,3.5,3.5,0.0037179607897996,0.0037179607897996,-0.0683656707406044,0.0035288419493043114,0.0035234633755976247,-0.06669361433927778,0.06856756814035121,0.06687978553568086,0.0016939208332088162,42.5506368050995,0.10046894038390004,0.015606744922149864
20087,0.5,1.5,4.5,3.5,4.5,3.5,0.0036189025267958,0.011461604386568,-0.0682394057512283,0.0032268334933181434,0.010280176477234329,-0.06657074892765505,0.06928983567517977,0.06743707508177951,0.0020818034553776255,43.61396503396363,0.09713695870077063,0.01918045688391602
20091,0.5,2.5,4.5,3.5,5.5,3.5,0.0034758844412863,0.0197380259633064,-0.0677458271384239,0.003302854189329587,0.01818081594329168,-0.06596339787833612,0.07064820263988708,0.06850270632475405,0.002373161726841123,42.55063693557705,0.10046894038390004,0.021864852833563538
20095,0.5,3.5,4.5,3.5,6.5,3.5,0.0034580235369503,0.0278571918606758,-0.0667645707726478,0.0027789754085623584,0.025279325035731496,-0.06577092430923157,0.072425748015471,0.0705165332604647,0.0028449669632660403,43.61396503396365,0.09713695870077063,0.026211776156933864
20199,0.5,-3.5,3.5,3.5,-0.5,2.5,0.0034580235369503,-0.0278571918606758,-0.0511966310441494,0.002790278744654317,-0.02527861779803096,-0.04730056285997289,0.05838729395523795,0.05370416576134522,0.0047195629670484926,43.6102604227987,0.0971369587007706,0.04348315099898805
20203,0.5,-2.5,3.5,3.5,0.5,2.5,0.0034758844412863,-0.0197380259633064,-0.0502153784036636,0.003321317012194274,-0.01819919351628328,-0.04710410745371991,0.05406714038859887,0.0506067063772205,0.0034744644643614946,43.61396500682567,0.0971369587007706,0.032011579037991185
20207,0.5,-1.5,3.5,3.5,1.5,2.5,0.0036189025267958,-0.011461604386568,-0.0497217997908592,0.0032430551099185594,-0.0102929208040622,-0.04639393518868385,0.05115390703607037,0.04763253979598887,0.0035470784326264333,43.61026052798878,0.0971369587007706,0.032680599489406985
20211,0.5,-0.5,3.5,3.5,2.5,2.5,0.0037179607897996,-0.0037179607897996,-0.0495955348014831,0.0035506358962754756,-0.0035461434106811613,-0.046284914878546315,0.04987347528610871,0.046556154197606524,0.0033192955737484336,43.61396510654701,0.0971369587007706,0.030581948297182835
20215,0.5,0.5,3.5,3.5,3.5,2.5,0.0037179607897996,0.0037179607897996,-0.0495955348014831,0.0035468031115744687,0.003541195162840922,-0.04627481231586876,0.04987347528610871,0.046545441563728675,0.0033298256507141907,43.610260796626754,0.0971369587007706,0.03067896595113297
20219,0.5,1.5,3.5,3.5,4.5,2.5,0.0036189025267958,0.011461604386568,-0.0497217997908592,0.003246916009672139,0.010287976239323336,-0.04640217012549491,0.05115390703607037,0.047639755572736926,0.003540581606472778,43.61396526637689,0.0971369587007706,0.03262074172829097
20223,0.5,2.5,3.5,3.5,5.5,2.5,0.0034758844412863,0.0197380259633064,-0.0502153784036636,0.0033178938518842265,0.01819222169109079,-0.0470936345228462,0.05406714038859887,0.05059422657024788,0.0034870842736820303,43.61026072418392,0.0971369587007706,0.03212785020082864
20227,0.5,3.5,3.5,3.5,6.5,2.5,0.0034580235369503,0.0278571918606758,-0.0511966310441494,0.002793945360547492,0.025273405531017843,-0.04730741985885441,0.05838729395523795,0.05370794290898638,0.004716239525885586,43.61396526637688,0.0971369587007706,0.043452530855781595
20331,0.5,-3.5,2.5,3.5,-0.5,1.5,0.0028706500306725,-0.025046145543456,-0.0358620658516883,0.002665030299388738,-0.022952036607260456,-0.035225305096848264,0.04383648942756946,0.04212743156286327,0.00219841669604552,42.5506379204536,0.10046894038390004,0.020254859574980126
20335,0.5,-2.5,2.5,3.5,0.5,1.5,0.0028786328621208,-0.0169805940240621,-0.033053383231163,0.0023161698188781145,-0.015147437118566252,-0.03238677724964197,0.03727134614675223,0.03582893850658609,0.0020300720306877166,43.613964606362,0.09713696235493473,0.018703835347792977
20339,0.5,-1.5,2.5,3.5,1.5,1.5,0.002993572037667,-0.0095567228272557,-0.0319357067346572,0.003249917474833626,-0.008497454227872923,-0.03153748925688381,0.033469116949565926,0.03282349647091373,0.001160318968387011,42.5506379725604,0.10046894038390004,0.010690465465050343
20343,0.5,-0.5,2.5,3.5,2.5,1.5,0.0030758485663682,-0.0030758485663682,-0.0317274034023284,0.002760634027466826,-0.0027969775559579064,-0.03133924347829497,0.03202420671087011,0.03158468561619687,0.0005725359138147613,43.61396615688511,0.09713695870077058,0.005274993842982893
20347,0.5,0.5,2.5,3.5,3.5,1.5,0.0030758485663682,0.0030758485663682,-0.0317274034023284,0.0027766860037834133,0.0027728710972335455,-0.03140325224027354,0.03202420671087011,0.0316474809511235,0.0005351332184765359,42.55063802976041,0.10046894038390004,0.0049303884080058695
20351,0.5,1.5,2.5,3.5,4.5,1.5,0.002993572037667,0.0095567228272557,-0.0319357067346572,0.00326292751329429,0.00846313994716892,-0.031468763832117955,0.033469116949565926,0.0327498783332701,0.00121922580439436,43.613966116960775,0.09713695870077059,0.011233196828709224
20355,0.5,2.5,2.5,3.5,5.5,1.5,0.0028786328621208,0.0169805940240621,-0.033053383231163,0.0023468967583918747,0.015112358929057474,-0.032440763083939686,0.03727134614675223,0.03586494704113638,0.002036749640726537,42.550638160238115,0.10046894038390004,0.018765358740458284
20359,0.5,3.5,2.5,3.5,6.5,1.5,0.0028706500306725,0.025046145543456,-0.0358620658516883,0.002651322581863648,0.022924358905735152,-0.03519879839610254,0.04383648942756946,0.04208932348234561,0.0022338323087132015,43.61396611696076,0.09713695870077059,0.02058115725213847
20463,0.5,-3.5,1.5,3.5,-0.5,0.5,0.0018668507691472,-0.0186843555420637,-0.0209368783980608,0.0006460663608845328,-0.0162203949289085,-0.018018636993749174,0.028123711541539052,0.0242526265073483,0.004009681953531483,43.61025923649032,0.09713696275297844,0.03694274386434633
20467,0.5,-2.5,1.5,3.5,0.5,0.5,0.0018618660978972,-0.0112677030265331,-0.0171659532934427,0.0025252508718671724,-0.009771191974157854,-0.015093152723531093,0.02061789585125743,0.01815644083232027,0.0026412358642957916,43.6139638233185,0.09713696275297844,0.024334723090460374
20471,0.5,-1.5,1.5,3.5,1.5,0.5,0.0019339261343702,-0.0061749909073114,-0.0164240412414073,0.0011261073939507335,-0.005063460308104751,-0.015042218090734754,0.017652753714308324,0.015911476149109822,0.0019487192229975534,43.610259341680305,0.09713696275297844,0.017954300603647954
20475,0.5,-0.5,1.5,3.5,2.5,0.5,0.0019889564719051,-0.0019889564719051,-0.0163580738008022,0.0018730671218092467,-0.001857039514684913,-0.014936403050366101,0.016598146708797272,0.01516750184720245,0.0014324734370009839,43.61396392303968,0.09713696275297844,0.013197929384149517
20479,0.5,0.5,1.5,3.5,3.5,0.5,0.0019889564719051,0.0019889564719051,-0.0163580738008022,0.0018692218623498605,0.0018647506293881855,-0.01492988484793473,0.016598146708797272,0.01516155489562602,0.0014385712193469467,43.610259610318344,0.09713696275297844,0.013254110601003646
20483,0.5,1.5,1.5,3.5,4.5,0.5,0.0019339261343702,0.0061749909073114,-0.0164240412414073,0.0011288035745029164,0.005072281952393356,-0.01504815479788093,0.017652753714308324,0.015920088081897436,0.0019383634543457878,43.61396408286971,0.09713696275297844,0.01785888891931632
20487,0.5,2.5,1.5,3.5,5.5,0.5,0.0018618660978972,0.0112677030265331,-0.0171659532934427,0.002520261202375305,0.009779609373890106,-0.015085742086549815,0.02061789585125743,0.01815412047817183,0.002641057647594965,43.610259537875336,0.09713696275297844,0.024333081111368945
20491,0.5,3.5,1.5,3.5,6.5,0.5,0.0018668507691472,0.0186843555420637,-0.0209368783980608,0.0006487525920102654,0.016232490766277228,-0.01802535475876478,0.028123711541539052,0.024265779414274737,0.0039965452518476875,43.61396408286973,0.09713696275297844,0.03682171037312408
20595,0.5,-3.5,0.5,3.5,-0.5,-0.5,0.0006498795119114,-0.0065143429674208,-0.0054592634551227,0.0019711049762090953,-0.005092706769952628,-0.006160200440037734,0.008524233991956419,0.008232192085550403,0.0020634919099144057,42.55063819199722,0.10046893684418842,0.019011745564253307
20599,0.5,-2.5,0.5,3.5,0.5,-0.5,0.0006406932370737,-0.0037412422243505,-0.0045576775446534,-0.0004675967226413626,-0.0033343073901033454,-0.004743308283150519,0.0059312566801929,0.005816805475149315,0.0011951407302924456,43.613962372516816,0.09713696640714244,0.011011291766459295
20603,0.5,-1.5,0.5,3.5,1.5,-0.5,0.0006661196239292,-0.0021055391989648,-0.0044755754061043,0.0012487749208567288,-0.0019730808829968795,-0.005087738392957223,0.004990770069587116,0.005597996867539265,0.0008554390235308742,42.55063824410399,0.10046893684418842,0.007881489131584185
20607,0.5,-0.5,0.5,3.5,2.5,-0.5,0.0006869470817036,-0.0006869470817036,-0.0044877328909933,0.0004925669041033167,-0.0005065202720618984,-0.004900431123078483,0.004591681509754925,0.0049511019109955545,0.0004905683620532781,43.61396392303966,0.09713696275297844,0.004519795224986508
20611,0.5,0.5,0.5,3.5,3.5,-0.5,0.0006869470817036,0.0006869470817036,-0.0044877328909933,0.0005077278032410796,0.0005065534137562862,-0.004959335063063663,0.004591681509754925,0.005010926875429817,0.0005357891692723887,42.55063830130395,0.10046893684418842,0.004936431935278016
20615,0.5,1.5,0.5,3.5,4.5,-0.5,0.0006661196239292,0.0021055391989648,-0.0044755754061043,0.0012762043523806778,0.001966511117206049,-0.005020261611287483,0.004990770069587116,0.005540657918415209,0.0008295873947475864,43.613963883115304,0.09713696275297846,0.007643308120799517
20619,0.5,2.5,0.5,3.5,5.5,-0.5,0.0006406932370737,0.0037412422243505,-0.0045576775446534,-0.0004061050209799619,0.003344929473551292,-0.004803835327282051,0.0059312566801929,0.00586773451365519,0.0011460558640218504,42.55063843178175,0.10046893684418842,0.01055905399217567
20623,0.5,3.5,0.5,3.5,6.5,-0.5,0.0006498795119114,0.0065143429674208,-0.0054592634551227,0.002043241048624033,0.005061259369123995,-0.006072881335697225,0.008524233991956419,0.008165235336583225,0.0021046223459305364,43.61396388311529,0.09713696275297846,0.019390696109553924
24027,1.5,-3.5,7.5,4.5,-0.5,6.5,0.0019747475162148,-0.0064374473877251,-0.1125098317861557,0.0005650828785676182,-0.004339851651654723,-0.10698756516414393,0.11271114676540017,0.10707704110018153,0.006073095660962284,43.61395821925248,0.09713696235493469,0.0559537689190044
24031,1.5,-2.5,7.5,4.5,0.5,6.5,0.0019630680326372,-0.0036553537938743,-0.1133961528539657,0.0029778653687930006,-0.004369830220821524,-0.10823582287132912,0.1134720350110066,0.10836492260389056,0.0053074754571105,42.55063073724787,0.10046894038390004,0.048899815160064954
24035,1.5,-1.5,7.5,4.5,1.5,6.5,0.0020446679554879,-0.0020446679554879,-0.1134896352887153,0.0013520087116954205,-0.0013881529929815578,-0.10819326562713188,0.113526466747019,0.10821061696225348,0.00538166519918761,43.61395829382882,0.09713696235493469,0.04958335382240267
24039,1.5,-0.5,7.5,4.5,2.5,6.5,0.0021055391989648,-0.0006661196239292,-0.1134856268763542,0.0022027394796086037,-0.0013686302758493143,-0.1081529030341687,0.11350711219210384,0.1081839897802133,0.005379675890574834,42.55063082200311,0.10046894038390004,0.04956502555612105
24043,1.5,0.5,7.5,4.5,3.5,6.5,0.0021055391989648,0.0006661196239292,-0.1134856268763542,0.002210226794902616,0.0013504076939276405,-0.10822297966924048,0.11350711219210384,0.10825397005151156,0.005307981281243116,43.61395976977528,0.09713695870077053,0.048904475512578746
24047,1.5,1.5,7.5,4.5,4.5,6.5,0.0020446679554879,0.0020446679554879,-0.1134896352887153,0.0013888136870607816,0.0013789311681119466,-0.10811289368621933,0.113526466747019,0.10813060637872851,0.005457352888671443,42.55062934061171,0.10046894597444839,0.05028069365101995
24051,1.5,2.5,7.5,4.5,5.5,6.5,0.0019630680326372,0.0036553537938743,-0.1133961528539657,0.0030329057830414245,0.004336597703761101,-0.10830550004158265,0.1134720350110066,0.1084347081722007,0.005246274119141249,43.61395972985204,0.09713695870077053,0.04833594366627677
24055,1.5,3.5,7.5,4.5,6.5,6.5,0.0019747475162148,0.0064374473877251,-0.1125098317861557,0.000643001824974225,0.004351558568008109,-0.1068912706539411,0.11271114676540017,0.10698174262616877,0.006139438732554526,42.55062934061173,0.10046894597444839,0.056565013184611955
24159,1.5,-3.5,6.5,4.5,-0.5,5.5,0.0057395547628402,-0.0183376632630825,-0.0969407483935356,0.005977640185308019,-0.016808526097707353,-0.09489313261070036,0.09882672250927185,0.09655550397794153,0.0025666467487831684,43.61395947030008,0.09713695870077063,0.023647504846872728
24163,1.5,-2.5,6.5,4.5,0.5,5.5,0.0057722595520317,-0.0109934601932764,-0.1006666421890258,0.004208716025165048,-0.009153690448252205,-0.0979598380735016,0.10142952231461273,0.09847656175349319,0.0036271489623300166,43.61025571686835,0.09713695870077063,0.033418320112689026
24167,1.5,-1.5,6.5,4.5,1.5,5.5,0.0060077169910073,-0.0060077169910073,-0.1014451384544372,0.005739591408088609,-0.0058066840532805105,-0.09780942361995322,0.10180030178210676,0.09814959927627769,0.0036511269394467,43.613959534799825,0.09713695870077063,0.0336392384491737
24171,1.5,-0.5,6.5,4.5,2.5,5.5,0.0061749909073114,-0.0019339261343702,-0.1015371605753898,0.005190065902549827,-0.001213243345693505,-0.09803772740207038,0.10174313520189494,0.09818250728949297,0.003706142668790269,43.61025604888047,0.0971369587007706,0.03414611954877304
24175,1.5,0.5,6.5,4.5,3.5,5.5,0.0061749909073114,0.0019339261343702,-0.1015371605753898,0.005188064484462342,0.0011413876747780633,-0.09803008443399776,0.10174313520189494,0.09817390810727565,0.0037285015804705856,43.61395957002119,0.09713695870077063,0.03435212081193158
24179,1.5,1.5,6.5,4.5,4.5,5.5,0.0060077169910073,0.0060077169910073,-0.1014451384544372,0.0057403524424984,0.005734010535948296,-0.09781593809259007,0.10180030178210676,0.09815186329318397,0.003649314222120604,43.6102560182542,0.09713695870077063,0.03362253718641708
24183,1.5,2.5,6.5,4.5,5.5,5.5,0.0057722595520317,0.0109934601932764,-0.1006666421890258,0.00420510936472662,0.009081106529249972,-0.09795198964081239,0.10142952231461273,0.09846187950246896,0.0036718380551717116,43.61395972985202,0.09713695870077063,0.033830057933671734
24187,1.5,3.5,6.5,4.5,6.5,5.5,0.0057395547628402,0.0183376632630825,-0.0969407483935356,0.005978649509940575,0.01673247906731632,-0.09490019150532998,0.09882672250927185,0.09654929545806741,0.002607231292852997,43.610256018254205,0.09713695870077063,0.02402142587946297
24291,1.5,-3.5,5.5,4.5,-0.5,4.5,0.00881480704993,-0.0243834238499403,-0.0818681493401527,0.008020715997027028,-0.022073885962001827,-0.07792228621404608,0.08587575943393384,0.08138470996072998,0.0046405152371360395,43.61395827569224,0.09713696235493469,0.042754853824035856
24295,1.5,-2.5,5.5,4.5,0.5,4.5,0.0089154634624719,-0.0165178980678319,-0.0846366286277771,0.008351994663588226,-0.015410927212067991,-0.08036054234132518,0.08669305249445433,0.08225004108076896,0.004452841283047065,42.55063080863079,0.10046894038390004,0.04102574141655133
24299,1.5,-1.5,5.5,4.5,1.5,4.5,0.0092976242303848,-0.0092976242303848,-0.0857890769839286,0.00783378328889243,-0.007848351177839396,-0.08155624274667696,0.08679088294523397,0.08230665530674248,0.004707452428105165,43.613958350268575,0.09713696235493469,0.04337157194024288
24303,1.5,-0.5,5.5,4.5,2.5,4.5,0.0095567228272557,-0.002993572037667,-0.0860254988074302,0.008546115530547389,-0.003302408270966682,-0.08146138000089663,0.08660645974642345,0.08197498656724558,0.004684857245136955,42.550630893386014,0.10046894038390004,0.04316339381872692
24307,1.5,0.5,5.5,4.5,3.5,4.5,0.0095567228272557,0.002993572037667,-0.0860254988074302,0.008552851097972457,0.003292943696018127,-0.08152846554125733,0.08660645974642345,0.08204197360864265,0.004617433273556153,43.61395982621507,0.09713695870077053,0.0425421908052977
24311,1.5,1.5,5.5,4.5,4.5,4.5,0.0092976242303848,0.0092976242303848,-0.0857890769839286,0.00785575741794633,0.007848688476102608,-0.08147613109206144,0.08679088294523397,0.08222940333685576,0.004772829034338294,42.55062941199449,0.10046894597444839,0.04397391178833571
24315,1.5,2.5,5.5,4.5,5.5,4.5,0.0089154634624719,0.0165178980678319,-0.0846366286277771,0.008373881749992287,0.01540991149155091,-0.08041135351780188,0.08669305249445433,0.08230171955861672,0.004401578666738487,43.613959786291815,0.09713695870077053,0.040553439192571664
24319,1.5,3.5,5.5,4.5,6.5,4.5,0.00881480704993,0.0243834238499403,-0.0818681493401527,0.008013961139799486,0.022067290372014627,-0.07788505170891569,0.08587575943393384,0.08134660507491076,0.004676632891227057,42.550629411994514,0.10046894597444839,0.043087619679165676
24423,1.5,-3.5,4.5,4.5,-0.5,3.5,0.0105243884027004,-0.0269872061908245,-0.0666312575340271,0.010257813107456973,-0.02498333747703353,-0.06548393172474433,0.07265532691966098,0.07083456215273615,0.0023244157809632023,43.61396493424232,0.09713695870077063,0.021415737663367244
24427,1.5,-2.5,4.5,4.5,0.5,3.5,0.0106652360409498,-0.0191540233790874,-0.0675952658057212,0.009829038757907168,-0.017641679348851195,-0.0659661772715187,0.07106154959443188,0.06898822650981509,0.0023749399601314188,43.610260392171355,0.09713695870077063,0.021881236381619415
24431,1.5,-1.5,4.5,4.5,1.5,3.5,0.0111438389867544,-0.0111438389867544,-0.0681014657020568,0.010299807872836299,-0.010356826948412513,-0.06630040779000525,0.0699012154793737,0.06789030843778582,0.0021390619608418044,43.61396499874216,0.09713695870077063,0.019708001543550537
24435,1.5,-0.5,4.5,4.5,2.5,3.5,0.011461604386568,-0.0036189025267958,-0.0682394057512283,0.010289313931337652,-0.0032803701523500955,-0.06658206300496915,0.06928983567517977,0.06745221955956475,0.002058070469772566,43.61026072418394,0.0971369587007706,0.01896179574856793
24439,1.5,0.5,4.5,4.5,3.5,3.5,0.011461604386568,0.0036189025267958,-0.0682394057512283,0.01028560749814058,0.003221359204793467,-0.06657143209312244,0.06928983567517977,0.06743831587207176,0.0020792175207502185,43.61396503396366,0.09713695870077063,0.019156631672416116
24443,1.5,1.5,4.5,4.5,4.5,3.5,0.0111438389867544,0.0111438389867544,-0.0681014657020568,0.010303371915821135,0.010297786084664718,-0.06630899305741995,0.0699012154793737,0.06789025284508973,0.0021529395235883727,43.61026069355661,0.09713695870077063,0.019835860873030856
24447,1.5,2.5,4.5,4.5,5.5,3.5,0.0106652360409498,0.0191540233790874,-0.0675952658057212,0.009825543402643345,0.01758477825998157,-0.06595577062224954,0.07106154959443188,0.0689632467912057,0.002419826115093871,43.61396519379353,0.09713695870077063,0.022294789811804265
24451,1.5,3.5,4.5,4.5,6.5,3.5,0.0105243884027004,0.0269872061908245,-0.0666312575340271,0.010261157695638462,0.024924733614163416,-0.06549100218602036,0.07265532691966098,0.07082093666650485,0.002371342614064303,43.61026069355661,0.09713695870077063,0.02184809264705667
24555,1.5,-3.5,3.5,4.5,-0.5,2.5,0.0105243884027004,-0.0269872061908245,-0.0513299480080604,0.010263688787569888,-0.024917633917159895,-0.04763341174233744,0.0589392535730404,0.05472818014307378,0.004244463929526969,43.613963715853636,0.09713696235493477,0.03910588061775573
24559,1.5,-2.5,3.5,4.5,0.5,2.5,0.0106652360409498,-0.0191540233790874,-0.0503659397363662,0.009828336014375362,-0.017580823624301717,-0.04706395940650319,0.05493042651339122,0.051192751666004954,0.0037521238281459065,42.55063693126066,0.10046894038390004,0.034569761676090625
24563,1.5,-1.5,3.5,4.5,1.5,2.5,0.0111438389867544,-0.0111438389867544,-0.0498597398400306,0.01030882880491808,-0.010304610042619195,-0.046706659680265245,0.05229114601575442,0.048928202480243155,0.0033680055995129435,43.61396379042996,0.09713696235493477,0.03103073252154236
24567,1.5,-0.5,3.5,4.5,2.5,2.5,0.011461604386568,-0.0036189025267958,-0.0497217997908592,0.010294330686846091,-0.003256432719276624,-0.04637543604222477,0.05115390703607037,0.0476157396923727,0.0035625921166476714,42.55063701601613,0.10046894038390004,0.03282353303421949
24571,1.5,0.5,3.5,4.5,3.5,2.5,0.011461604386568,0.0036189025267958,-0.0497217997908592,0.010293564289436,0.0032414485952612006,-0.04640288696780662,0.05115390703607037,0.04764128853970587,0.0035386397762363344,43.61396526637689,0.0971369587007706,0.03260285089857322
24575,1.5,1.5,3.5,4.5,4.5,2.5,0.0111438389867544,0.0111438389867544,-0.0498597398400306,0.010296715213646087,0.010291287148594265,-0.04667158689829823,0.05229114601575442,0.04888936447706347,0.0034071663451601935,42.55063553462376,0.10046894597444839,0.03139153555099685
24579,1.5,2.5,3.5,4.5,5.5,2.5,0.0106652360409498,0.0191540233790874,-0.0503659397363662,0.009829720716719687,0.017580669140574105,-0.047096198755579056,0.05493042651339122,0.051222605107745636,0.0037235380350293173,43.6139652264527,0.0971369587007706,0.03430638975644616
24583,1.5,3.5,3.5,4.5,6.5,2.5,0.0105243884027004,0.0269872061908245,-0.0513299480080604,0.010235448674133665,0.02490121588092544,-0.0476167530485377,0.0589392535730404,0.05470091528297038,0.004268800598196382,42.55063553462376,0.10046894597444839,0.03933010371763869
24687,1.5,-3.5,2.5,4.5,-0.5,1.5,0.00881480704993,-0.0243834238499403,-0.0360930524766445,0.007917414013058276,-0.021975134957207793,-0.03519288307811,0.04444052901412344,0.042238975134242886,0.002723136904296696,43.61396601723956,0.09713695870077059,0.02508930890999456
24691,1.5,-2.5,2.5,4.5,0.5,1.5,0.0089154634624719,-0.0165178980678319,-0.0333245731890201,0.00828855961532888,-0.01533781899977683,-0.032671878285669545,0.03824726949156389,0.037032425560316475,0.0014871468243869634,43.61026145298021,0.09713695870077059,0.013701656355466413
24695,1.5,-1.5,2.5,4.5,1.5,1.5,0.0092976242303848,-0.0092976242303848,-0.0321721285581588,0.0077378685756567325,-0.007776195163665036,-0.031462587994679915,0.034755395100927476,0.03332023806398328,0.0022915130195436135,43.613966081739456,0.09713695870077059,0.021112591852392632
24699,1.5,-0.5,2.5,4.5,2.5,1.5,0.0095567228272557,-0.002993572037667,-0.0319357067346572,0.008471250176826576,-0.0032970393020580017,-0.03147933894644665,0.033469116949565926,0.0327655509372721,0.001215983064644722,43.61026178499268,0.09713695870077058,0.011203320218699271
24703,1.5,0.5,2.5,4.5,3.5,1.5,0.0095567228272557,0.002993572037667,-0.0319357067346572,0.008467031248903575,0.003259259081394216,-0.03146933819849351,0.033469116949565926,0.03275107073945405,0.0012147085875466228,43.61396611696076,0.09713695870077059,0.011191577970425791
24707,1.5,1.5,2.5,4.5,4.5,1.5,0.0092976242303848,0.0092976242303848,-0.0321721285581588,0.007743298620899222,0.0077394674944814825,-0.031471312937604856,0.034755395100927476,0.03332118798373206,0.002309745234426517,43.61026175436527,0.09713695870077059,0.021280572268870705
24711,1.5,2.5,2.5,4.5,5.5,1.5,0.0089154634624719,0.0165178980678319,-0.0333245731890201,0.00828495271788585,0.015300295046486048,-0.03266139653752441,0.03824726949156389,0.03700684117603854,0.0015231231689256256,43.61396627679078,0.09713695870077059,0.014033120271275673
24715,1.5,3.5,2.5,4.5,6.5,1.5,0.00881480704993,0.0243834238499403,-0.0360930524766445,0.007922595699304612,0.021937065728058678,-0.035200456495197804,0.04444052901412344,0.042226466970871714,0.002752714431388725,43.61026175436528,0.09713695870077059,0.025361818056646262
24819,1.5,-3.5,1.5,4.5,-0.5,0.5,0.0057395547628402,-0.0183376632630825,-0.0210204552859067,0.005843778285533831,-0.016617967811142973,-0.018240824527970073,0.028479324487295166,0.02535812055896208,0.0032702541400587695,43.61396253234681,0.09713696640714244,0.03013011068399211
24823,1.5,-2.5,1.5,4.5,0.5,0.5,0.0057722595520317,-0.0109934601932764,-0.0172945614904165,0.004110461958069142,-0.008933675407016044,-0.015162254302339364,0.0212903030627319,0.01807208923493533,0.0033986789423737546,42.550638347026435,0.10046893684418842,0.03131333784084261
24827,1.5,-1.5,1.5,4.5,1.5,0.5,0.0060077169910073,-0.0060077169910073,-0.0165160670876503,0.005634454354593767,-0.005620039565058372,-0.01528571099128107,0.018573254936382073,0.017233249290130783,0.0013429053973402947,43.61396260692306,0.09713696640714244,0.012372704544383314
24831,1.5,-0.5,1.5,4.5,2.5,0.5,0.0061749909073114,-0.0019339261343702,-0.0164240412414073,0.005084901178602567,-0.0011385075453761077,-0.015052295843299639,0.017652753714308324,0.015928717135452172,0.0019242327784297296,42.55063843178175,0.10046893684418842,0.01772869756073805
24835,1.5,0.5,1.5,4.5,3.5,0.5,0.0061749909073114,0.0019339261343702,-0.0164240412414073,0.005076531688942006,0.0011246296479606285,-0.015048969374274312,0.017652753714308324,0.015921917128968816,0.0019371102439242275,43.613964082869735,0.09713696275297844,0.01784734260912305
24839,1.5,1.5,1.5,4.5,4.5,0.5,0.0060077169910073,0.0060077169910073,-0.0165160670876503,0.00560569020621908,0.005601393563776509,-0.015289532227401285,0.018573254936382073,0.017221183707200848,0.0013531858802876267,42.5506369503894,0.10046894243473696,0.012467422592529394
24843,1.5,2.5,1.5,4.5,5.5,0.5,0.0057722595520317,0.0109934601932764,-0.0172945614904165,0.004063549997421035,0.008913818287363012,-0.015152430876835075,0.0212903030627319,0.01804341310614299,0.003439959645764987,43.61396404294535,0.09713696275297844,0.03169367285733418
24847,1.5,3.5,1.5,4.5,6.5,0.5,0.0057395547628402,0.0183376632630825,-0.0210204552859067,0.005794111419934424,0.016597018114083564,-0.018253919992449578,0.028479324487295166,0.025342421599298334,0.0032690273008206465,42.550636950389425,0.10046894243473696,0.03011880734166672
24951,1.5,-3.5,0.5,4.5,-0.5,-0.5,0.0019747475162148,-0.0064374473877251,-0.0054513737559318,0.0002988289962217857,-0.004250683894591618,-0.006156427092900429,0.008663592352447524,0.007487269655283019,0.0028438948061641667,43.613963783394105,0.09713696275297846,0.026201897960693894
24955,1.5,-2.5,0.5,4.5,0.5,-0.5,0.0019630680326372,-0.0036553537938743,-0.0045650484971702,0.002756021345525883,-0.0040279534775253594,-0.004902265035952493,0.006168866609083814,0.006917533184367476,0.0009387867035201962,43.61025920586285,0.09713696275297846,0.0086494034023959
24959,1.5,-1.5,0.5,4.5,1.5,-0.5,0.0020446679554879,-0.0020446679554879,-0.004471568390727,0.0011511780668601278,-0.0011675912223261186,-0.005098938827959216,0.005325059433409827,0.005356086012690883,0.0014004218801656715,43.61396384789389,0.09713696275297846,0.012902626048787063
24963,1.5,-0.5,0.5,4.5,2.5,-0.5,0.0021055391989648,-0.0006661196239292,-0.0044755754061043,0.001969616952349795,-0.0012906777016234853,-0.005027129258920747,0.004990770069587116,0.005551330331942861,0.0008442507341392825,43.61025953787537,0.09713696275297844,0.007778407113093983
24967,1.5,0.5,0.5,4.5,3.5,-0.5,0.0021055391989648,0.0006661196239292,-0.0044755754061043,0.001966984547309586,0.0012758912907566992,-0.005020635204624966,0.004990770069587116,0.005541092370020831,0.0008295233939584062,43.61396388311529,0.09713696275297846,0.007642718456883725
24971,1.5,1.5,0.5,4.5,4.5,-0.5,0.0020446679554879,0.0020446679554879,-0.004471568390727,0.0011553439210020408,0.0011540390760984014,-0.005105891217843861,0.005325059433409827,0.005360667019449491,0.0014094262975119802,43.61025950724791,0.09713696275297846,0.012985587213170535
24975,1.5,2.5,0.5,4.5,5.5,-0.5,0.0019630680326372,0.0036553537938743,-0.0045650484971702,0.0027553646021922806,0.0040106845171393795,-0.004894280979908121,0.006168866609083814,0.006901565814894918,0.0009286483751746989,43.61396404294533,0.09713696275297846,0.008555995079336642
24979,1.5,3.5,0.5,4.5,6.5,-0.5,0.0019747475162148,0.0064374473877251,-0.0054513737559318,0.0003052061593839578,0.004237064124333455,-0.006165449813895462,0.008663592352447524,0.007487231437661262,0.002852886163964409,43.610259507247925,0.09713696275297846,0.026284738802450556
28383,2.5,-3.5,7.5,5.5,-0.5,6.5,0.003489141119644,-0.0063440483063459,-0.1124162450432777,0.004964402646392814,-0.006053243314463675,-0.10716074313170396,0.11264915980288667,0.10744632109476177,0.005466375806525209,43.6102557168684,0.09713695870077053,0.050363825267702694
28387,2.5,-2.5,7.5,5.5,0.5,6.5,0.0035223215818405,-0.0035223215818405,-0.1132810190320015,0.002533428522412153,-0.002570889235254495,-0.108477709324249,0.11339048801191608,0.1085377406793341,0.004995489679871747,43.6139594703001,0.09713695870077053,0.04602537005658257
28391,2.5,-1.5,7.5,5.5,1.5,6.5,0.0036553537938743,-0.0019630680326372,-0.1133961528539657,0.0043463286952124865,-0.0030716436769761247,-0.1082975592294049,0.1134720350110066,0.10842825694002278,0.005263273052190325,43.610255822058505,0.09713695870077053,0.048492561382314336
28395,2.5,-0.5,7.5,5.5,2.5,6.5,0.0037412422243505,-0.0006406932370737,-0.1134035289287567,0.0036168300798674127,0.0004075473587821544,-0.1083922705659063,0.1134670337794227,0.10845336266390693,0.005121230038548661,43.61395957002119,0.09713695870077053,0.047183864400484596
28399,2.5,0.5,7.5,5.5,3.5,6.5,0.0037412422243505,0.0006406932370737,-0.1134035289287567,0.00361772001192706,-0.0004545866349211506,-0.10838395038664964,0.1134670337794227,0.10844526383622789,0.005139169628971272,43.61025609069619,0.09713695870077053,0.04734914875512776
28403,2.5,1.5,7.5,5.5,4.5,6.5,0.0036553537938743,0.0019630680326372,-0.1133961528539657,0.004347027542235983,0.0030230494934764054,-0.10830539725727573,0.1134720350110066,0.10843474789821422,0.005245737871522542,43.61395972985204,0.09713695870077053,0.04833100301047031
28407,2.5,2.5,7.5,5.5,5.5,6.5,0.0035223215818405,0.0035223215818405,-0.1132810190320015,0.0025359340717398377,0.002526279458451767,-0.10846843412376196,0.11339048801191608,0.10852748154628529,0.005012587528478904,43.61025601825424,0.09713695870077053,0.0461828991197466
28411,2.5,3.5,7.5,5.5,6.5,6.5,0.003489141119644,0.0063440483063459,-0.1124162450432777,0.004967349813292389,0.006005093997341494,-0.10717032560561407,0.11264915980288667,0.10745331269206111,0.005460738202114016,43.613959729852056,0.09713695870077053,0.05031188384736441
28515,2.5,-3.5,6.5,5.5,-0.5,5.5,0.0103131514042615,-0.0177020002156496,-0.0961295589804649,0.008269029536054552,-0.015035013269930286,-0.09505506086408011,0.09828842258018367,0.09659137160931662,0.0035278605106825803,42.550630737247864,0.10046894038390004,0.03250353737420568
28519,2.5,-2.5,6.5,5.5,0.5,5.5,0.0105540379881858,-0.0105540379881858,-0.0998195484280586,0.010076298542495511,-0.010147669812940173,-0.09774490021255682,0.10092927070029623,0.09878548735777257,0.002167379821329351,43.61395821925244,0.09713696235493477,0.019968904896709595
28523,2.5,-1.5,6.5,5.5,1.5,5.5,0.0109934601932764,-0.0057722595520317,-0.1006666421890258,0.009120121541901359,-0.004320799918399852,-0.09794495860462242,0.10142952231461273,0.09846350006441523,0.003608835588442505,42.550630777900714,0.10046894038390004,0.03324959194704923
28527,2.5,-0.5,6.5,5.5,2.5,5.5,0.0112677030265331,-0.0018618660978972,-0.1007952541112899,0.009942572205179112,-0.002596203665549653,-0.09800842058735088,0.10144018399145452,0.09854565196676755,0.003172012680794072,43.61395976977528,0.0971369587007706,0.029224974289501056
28531,2.5,0.5,6.5,5.5,3.5,5.5,0.0112677030265331,0.0018618660978972,-0.1007952541112899,0.009939126740460501,0.0024679668188138945,-0.09801019049574856,0.10144018399145452,0.0985437696741637,0.0031446863713925984,42.550630822003086,0.10046894038390004,0.028973206478319073
28535,2.5,1.5,6.5,5.5,4.5,5.5,0.0109934601932764,0.0057722595520317,-0.1006666421890258,0.009087887629116888,0.0041983479137479495,-0.09795186285094999,0.10142952231461273,0.09846209048530122,0.003671298339395179,43.61395972985202,0.09713695870077063,0.03382508532439173
28539,2.5,2.5,6.5,5.5,5.5,5.5,0.0105540379881858,0.0105540379881858,-0.0998195484280586,0.01003811396910539,0.010031474454367728,-0.09774680138036622,0.10092927070029623,0.09877161227740562,0.002198983984493289,42.55062934061171,0.10046894597444839,0.02026008622189776
28543,2.5,3.5,6.5,5.5,6.5,5.5,0.0103131514042615,0.0177020002156496,-0.0961295589804649,0.0082146472524766,0.014917464707964885,-0.09507236308260128,0.09828842258018367,0.0965855341389484,0.0036434901996677716,43.61395972985202,0.09713695870077063,0.03356887822487632
28647,2.5,-3.5,5.5,5.5,-0.5,4.5,0.0153320040553808,-0.0231766831129789,-0.0807550102472305,0.01402188607430239,-0.022070430185597404,-0.07672658039638898,0.08540257998739827,0.08105976385964608,0.004378179042345819,43.610255716868394,0.09713695870077053,0.04033784944244226
28651,2.5,-2.5,5.5,5.5,0.5,4.5,0.0157681163400411,-0.0157681163400411,-0.083445630967617,0.014083801459753374,-0.014100854104613232,-0.07974043970870223,0.08637384044610881,0.08219321915446866,0.004398309020837548,43.61395952673994,0.09713695870077053,0.0405233146858289
28655,2.5,-1.5,5.5,5.5,1.5,4.5,0.0165178980678319,-0.0089154634624719,-0.0846366286277771,0.01541355049546088,-0.008393316822857088,-0.08040366993493057,0.08669305249445433,0.08229687384810092,0.004405696309235098,43.610255822058484,0.09713695870077053,0.04059137661849226
28659,2.5,-0.5,5.5,5.5,2.5,4.5,0.0169805940240621,-0.0028786328621208,-0.0849078223109245,0.015228771191809513,-0.0023810884351034866,-0.08066230440596289,0.08663697472874053,0.08212181443580319,0.004619616431459118,43.61395962646106,0.09713695870077053,0.04256230507973626
28663,2.5,0.5,5.5,5.5,3.5,4.5,0.0169805940240621,0.0028786328621208,-0.0849078223109245,0.015226659810719832,0.002356323355500038,-0.08065212554983744,0.08663697472874053,0.08211071053433777,0.004632499041313,43.61025609069619,0.09713695870077053,0.04268099752508522
28667,2.5,1.5,5.5,5.5,4.5,4.5,0.0165178980678319,0.0089154634624719,-0.0846366286277771,0.015417060908248195,0.00836747403260841,-0.08041212773322644,0.08669305249445433,0.0823031632157582,0.004399834391794965,43.61395978629182,0.09713695870077053,0.04053736851584112
28671,2.5,2.5,5.5,5.5,5.5,4.5,0.0157681163400411,0.0157681163400411,-0.083445630967617,0.01408258558177224,0.014075619753739641,-0.07972965384898821,0.08637384044610881,0.08217822090432042,0.004417470382230669,43.61025601825423,0.09713695870077053,0.04069985568689627
28675,2.5,3.5,5.5,5.5,6.5,4.5,0.0153320040553808,0.0231766831129789,-0.0807550102472305,0.014025013059077582,0.022045830319222137,-0.07673350630359427,0.08540257998739827,0.0810601666382137,0.004377162034269116,43.613959786291815,0.09713695870077053,0.04032847935540766
28779,2.5,-3.5,4.5,5.5,-0.5,3.5,0.0177179221063852,-0.0255102310329675,-0.0661589503288269,0.01631580241410558,-0.023880225967216104,-0.06516766276332372,0.0730869575214039,0.07129722905341922,0.0023675952321659064,42.55063685082165,0.10046894038390004,0.021813566574605356
28783,2.5,-2.5,4.5,5.5,0.5,3.5,0.0182204917073249,-0.0182204917073249,-0.0670839697122573,0.017069301275731925,-0.017122197189850613,-0.06497972540406582,0.07186258851772907,0.06933177767977415,0.0026380550345778456,43.613963683194456,0.09713696235493477,0.024305416881412373
28787,2.5,-1.5,4.5,5.5,1.5,3.5,0.0191540233790874,-0.0106652360409498,-0.0675952658057212,0.01758753338499134,-0.009879808846231332,-0.06599180280429771,0.07106154959443188,0.06900615907850234,0.0023752642751366446,42.55063689147458,0.10046894038390004,0.021884224420648014
28791,2.5,-0.5,4.5,5.5,2.5,3.5,0.0197380259633064,-0.0034758844412863,-0.0677458271384239,0.018203378604706846,-0.0033571829221589545,-0.065919992497455,0.07064820263988708,0.0684695485647719,0.002388075522688041,43.613965233717806,0.0971369587007706,0.022002259377624376
28795,2.5,0.5,4.5,5.5,3.5,3.5,0.0197380259633064,0.0034758844412863,-0.0677458271384239,0.018186367075359474,0.0032975525721772665,-0.06596457886452614,0.07064820263988708,0.06850506160233914,0.0023690278540676505,42.550636935577074,0.10046894038390004,0.021826765871852356
28799,2.5,1.5,4.5,5.5,4.5,3.5,0.0191540233790874,0.0106652360409498,-0.0675952658057212,0.01759056287784119,0.009820318238243045,-0.06595641331831242,0.07106154959443188,0.06896459244043797,0.002417464024090906,43.61396519379353,0.09713695870077063,0.022273026957812827
28803,2.5,2.5,4.5,5.5,5.5,3.5,0.0182204917073249,0.0182204917073249,-0.0670839697122573,0.01705615106521298,0.01705070872202941,-0.06504380829579061,0.07186258851772907,0.06937100226104863,0.0026241836766506656,42.550635454184714,0.10046894597444839,0.0241776147193224
28807,2.5,3.5,4.5,5.5,6.5,3.5,0.0177179221063852,0.0255102310329675,-0.0661589503288269,0.016301929909574884,0.02382208127145617,-0.06515174387989572,0.0730869575214039,0.07126004634767005,0.0024226738017089785,43.61396519379356,0.09713695870077063,0.02232102664516088
28911,2.5,-3.5,3.5,5.5,-0.5,2.5,0.0177179221063852,-0.0255102310329675,-0.0518022514879703,0.016286873789670867,-0.02381657760522465,-0.04801621115467388,0.06040008203923429,0.0560182841607683,0.004387534914211312,43.61026039217136,0.0971369587007706,0.04042404869264716
28915,2.5,-2.5,3.5,5.5,0.5,2.5,0.0182204917073249,-0.0182204917073249,-0.0508772321045398,0.01706148761046493,-0.017061190781131375,-0.048132260117928066,0.05703038999281529,0.05384136935862701,0.0031972082105009257,43.61396496690149,0.0971369587007706,0.02945711040684748
28919,2.5,-1.5,3.5,5.5,1.5,2.5,0.0191540233790874,-0.0106652360409498,-0.0503659397363662,0.01758208982472296,-0.00983022961236587,-0.047089209173489896,0.05493042651339122,0.05121676402723181,0.0037289642015982125,43.61026049736148,0.0971369587007706,0.03435638311852403
28923,2.5,-0.5,3.5,5.5,2.5,2.5,0.0197380259633064,-0.0034758844412863,-0.0502153784036636,0.018201290014631142,-0.0033184313172066023,-0.04710448708175212,0.05406714038859887,0.05060762440422077,0.0034733260254369244,43.61396506662283,0.0971369587007706,0.03200109016179527
28927,2.5,0.5,3.5,5.5,3.5,2.5,0.0197380259633064,0.0034758844412863,-0.0502153784036636,0.018197579026789555,0.003312170653527942,-0.04709486016687526,0.05406714038859887,0.050596918987344246,0.003483879021242692,43.6102607659995,0.0971369587007706,0.032098318975843886
28931,2.5,1.5,3.5,5.5,4.5,2.5,0.0191540233790874,0.0106652360409498,-0.0503659397363662,0.017585922299440757,0.009823925378202349,-0.04709681991729018,0.05493042651339122,0.05122386767201513,0.0037220812751358845,43.61396522645269,0.0971369587007706,0.03429296806658681
28935,2.5,2.5,3.5,5.5,5.5,2.5,0.0182204917073249,0.0182204917073249,-0.0508772321045398,0.017058652704217723,0.017052959644291273,-0.0481220057622668,0.05703038999281529,0.05382869590930641,0.003210026975666667,43.610260693556626,0.0971369587007706,0.029575214626499643
28939,2.5,3.5,3.5,5.5,6.5,2.5,0.0177179221063852,0.0255102310329675,-0.0518022514879703,0.01629038231968858,0.023809571042847106,-0.048022372004248394,0.06040008203923429,0.05602160692340435,0.004383788676026696,43.61396522645268,0.0971369587007706,0.040389533157671326
29043,2.5,-3.5,2.5,5.5,-0.5,1.5,0.0153320040553808,-0.0231766831129789,-0.0372061915695667,0.013909719950846286,-0.02193644930014187,-0.03645350894523196,0.04643845044340897,0.04476099229718631,0.0020316503433148274,42.55063807548276,0.10046894038390004,0.018718376949794568
29047,2.5,-2.5,2.5,5.5,0.5,1.5,0.0157681163400411,-0.0157681163400411,-0.0345155708491802,0.013951967480320984,-0.013987558479491515,-0.03338648270114054,0.04109247640226761,0.038793896632623615,0.0027827366065567983,43.613964766192005,0.09713696235493473,0.025638423917245218
29051,2.5,-1.5,2.5,5.5,1.5,1.5,0.0165178980678319,-0.0089154634624719,-0.0333245731890201,0.015282346243702886,-0.008299990815454192,-0.032714990730660594,0.03824726949156389,0.0370501089439188,0.0015089684101647508,42.55063811613571,0.10046894038390004,0.01390270702817442
29055,2.5,-0.5,2.5,5.5,2.5,1.5,0.0169805940240621,-0.0028786328621208,-0.033053383231163,0.015111827831224788,-0.002352657869784607,-0.032386730392500944,0.03727134614675223,0.03581623437729578,0.0020526477494570024,43.61396631671522,0.09713695870077058,0.018911834138149078
29059,2.5,0.5,2.5,5.5,3.5,1.5,0.0169805940240621,0.0028786328621208,-0.033053383231163,0.01511634047037197,0.002342798216236397,-0.03244167836622898,0.03727134614675223,0.03586718483399631,0.0020338984541909393,42.55063816023809,0.10046894038390004,0.018739089660986464
29063,2.5,1.5,2.5,5.5,4.5,1.5,0.0165178980678319,0.0089154634624719,-0.0333245731890201,0.015304141417988306,0.008280462884315144,-0.032662003309368304,0.03824726949156389,0.03700796225545919,0.001521653634938239,43.6139662767908,0.09713695870077059,0.014019580888769746
29067,2.5,2.5,2.5,5.5,5.5,1.5,0.0157681163400411,0.0157681163400411,-0.0345155708491802,0.01397021928391766,0.01396601257049735,-0.03343756321198257,0.04109247640226761,0.03883667297175911,0.0027644370650238294,42.55063667884592,0.10046894597444839,0.025469823194414314
29071,2.5,3.5,2.5,5.5,6.5,1.5,0.0153320040553808,0.0231766831129789,-0.0372061915695667,0.01390217228911918,0.021919643984288625,-0.03644508383059241,0.04643845044340897,0.044743550620991425,0.002050329544535654,43.61396627679081,0.09713695870077059,0.018890475623526984
29175,2.5,-3.5,1.5,5.5,-0.5,0.5,0.0103131514042615,-0.0177020002156496,-0.0218316428363323,0.00800771532209147,-0.014722442168287305,-0.01808255968738918,0.029938980150553875,0.02465467040798183,0.005314924848411518,43.61025920586285,0.09713696275297844,0.04896844927069221
29179,2.5,-2.5,1.5,5.5,0.5,0.5,0.0105540379881858,-0.0105540379881858,-0.0181416533887386,0.00990827256925016,-0.009889305786136952,-0.015410818973961429,0.023492446092079657,0.02081983611094205,0.002883806248288053,43.613963783394134,0.09713696275297844,0.026569617445861744
29183,2.5,-1.5,1.5,5.5,1.5,0.5,0.0109934601932764,-0.0057722595520317,-0.0172945614904165,0.008914297295308158,-0.004050810028401754,-0.015146657384494028,0.0212903030627319,0.018035936018920284,0.003449608509227109,43.61025931105289,0.09713696275297844,0.03178257155194244
29187,2.5,-0.5,1.5,5.5,2.5,0.5,0.0112677030265331,-0.0018618660978972,-0.0171659532934427,0.009789409296125194,-0.0025085126060468248,-0.015091408244693889,0.02061789585125743,0.018162482558003266,0.0026281630883858076,43.61396388311531,0.09713696275297844,0.024214278572008432
29191,2.5,0.5,1.5,5.5,3.5,0.5,0.0112677030265331,0.0018618660978972,-0.0171659532934427,0.009784563282819424,0.0025159158677882537,-0.01508514954816537,0.02061789585125743,0.018155694648781705,0.0026376559342032786,43.61025957969095,0.09713696275297844,0.024301739815978093
29195,2.5,1.5,1.5,5.5,4.5,0.5,0.0109934601932764,0.0057722595520317,-0.0172945614904165,0.008918177459420359,0.004059243329984339,-0.01515224149513256,0.0212903030627319,0.018044438698295737,0.0034395868886585483,43.613964042945334,0.09713696275297844,0.031690238502573284
29199,2.5,2.5,1.5,5.5,5.5,0.5,0.0105540379881858,0.0105540379881858,-0.0181416533887386,0.009902433745633812,0.00989787229965199,-0.015403467302681361,0.023492446092079657,0.02081568819644595,0.0028901218904396164,43.610259507247925,0.09713696275297844,0.026627805888997134
29203,2.5,3.5,1.5,5.5,6.5,0.5,0.0103131514042615,0.0177020002156496,-0.0218316428363323,0.008011528857581402,0.014734118404198715,-0.01808913217427894,0.029938980150553875,0.024667702418412228,0.00530209155425576,43.61396404294535,0.09713696275297844,0.048850211189860285
29307,2.5,-3.5,0.5,5.5,-0.5,-0.5,0.003489141119644,-0.0063440483063459,-0.0055449618957936,0.004502243451435252,-0.005633802552118898,-0.0060447970163293625,0.009119630315525066,0.00941007429624641,0.001334413921464909,42.550638347026414,0.10046893684418842,0.012294469307292161
29311,2.5,-2.5,0.5,5.5,0.5,-0.5,0.0035223215818405,-0.0035223215818405,-0.0046801818534731,0.0022478724180609194,-0.002262131238974975,-0.004608816407036272,0.0068350274932422635,0.005604583554912196,0.0017937093962666108,43.61396253234679,0.09713696640714244,0.016526135379637014
29315,2.5,-1.5,0.5,5.5,1.5,-0.5,0.0036553537938743,-0.0019630680326372,-0.0045650484971702,0.003997108644169396,-0.002714811364473404,-0.004960712899776033,0.006168866609083814,0.006925009078114771,0.0009156771997542862,42.55063838767935,0.10046893684418842,0.008436486645318883
29319,2.5,-0.5,0.5,5.5,2.5,-0.5,0.0037412422243505,-0.0006406932370737,-0.0045576775446534,0.0033197190543703555,0.00045402476078729826,-0.004745385674087109,0.0059312566801929,0.005809075509854277,0.0011879914223286313,43.61396408286973,0.09713696275297844,0.01094542243917215
29323,2.5,0.5,0.5,5.5,3.5,-0.5,0.0037412422243505,0.0006406932370737,-0.0045576775446534,0.0033458622636797046,-0.0004074563861570234,-0.004804636297989912,0.0059312566801929,0.005869015671311351,0.0011471406068256286,42.55063843178169,0.10046893684418842,0.010569048145333724
29327,2.5,1.5,0.5,5.5,4.5,-0.5,0.0036553537938743,0.0019630680326372,-0.0045650484971702,0.004010716523231783,0.002754743985188818,-0.004894245739952608,0.006168866609083814,0.006901311673638763,0.0009281186927976675,43.613964042945305,0.09713696275297846,0.008551114911629848
29331,2.5,2.5,0.5,5.5,5.5,-0.5,0.0035223215818405,0.0035223215818405,-0.0046801818534731,0.0023163650797620385,0.0023156286027202475,-0.004671229091666694,0.0068350274932422635,0.00570509108036939,0.0017060243792828373,42.5506369503894,0.10046894243473696,0.01571825955289734
29335,2.5,3.5,0.5,5.5,6.5,-0.5,0.003489141119644,0.0063440483063459,-0.0055449618957936,0.004558921600234522,0.005647194455411669,-0.00595987213445412,0.009119630315525066,0.009391200521411515,0.0013424552403561493,43.61396404294531,0.09713696275297846,0.012368557074744387
32739,3.5,-3.5,7.5,6.5,-0.5,6.5,0.0062592648901045,-0.0062592648901045,-0.1115436926484108,0.003259128309206909,-0.00328501256348101,-0.10566772979924317,0.11189437949947317,0.10576900465544699,0.007236983889111764,43.613958219252474,0.09713696235493469,0.06667711934867745
32743,3.5,-2.5,7.5,6.5,0.5,6.5,0.0063440483063459,-0.003489141119644,-0.1124162450432777,0.005982221165231403,-0.004942977632487631,-0.10708566931918446,0.11264915980288667,0.10736647787593082,0.005537110892551866,42.55063073724785,0.10046894038390004,0.05101553485354748
32747,3.5,-1.5,7.5,6.5,1.5,6.5,0.0064374473877251,-0.0019747475162148,-0.1125098317861557,0.004307719302573026,-0.000598002159653306,-0.10699051716873059,0.11271114676540017,0.10707887194122445,0.006074043409428486,43.61395829382881,0.09713696235493469,0.05596250089057733
32751,3.5,-0.5,7.5,6.5,2.5,6.5,0.0065143429674208,-0.0006498795119114,-0.1125019416213035,0.0052921118961901485,-0.002097255688045076,-0.10697039269180078,0.11269226182946356,0.10712175242396337,0.00584694622398767,42.550630822003065,0.10046894038390004,0.05387016707176535
32755,3.5,0.5,7.5,6.5,3.5,6.5,0.0065143429674208,0.0006498795119114,-0.1125019416213035,0.0052809652293410135,0.0021264753843308034,-0.10705889645842358,0.11269226182946356,0.10721015717836223,0.00577306648674579,43.613959769775285,0.09713695870077053,0.053189484603349574
32759,3.5,1.5,7.5,6.5,4.5,6.5,0.0064374473877251,0.0019747475162148,-0.1125098317861557,0.00436250419116884,0.0006331821224587065,-0.10689295758524792,0.11271114676540017,0.10698381533549725,0.0061363232284066095,42.55062934061169,0.10046894597444839,0.05653630884519585
32763,3.5,2.5,7.5,6.5,5.5,6.5,0.0063440483063459,0.003489141119644,-0.1124162450432777,0.006017189915525306,0.004956975545471063,-0.10717251028873487,0.11264915980288667,0.10745568920549009,0.005455101143452178,43.61395972985204,0.09713695870077053,0.05025994745522508
32767,3.5,3.5,7.5,6.5,6.5,6.5,0.0062592648901045,0.0062592648901045,-0.1115436926484108,0.0033475006520532354,0.0033335798722730152,-0.10555711568532755,0.11189437949947317,0.10566278051984977,0.007271664701873767,42.550629340611685,0.10046894597444839,0.06699664703135205
32871,3.5,-3.5,6.5,6.5,-0.5,5.5,0.0168843436986207,-0.0168843436986207,-0.0925353020429611,0.016098014542183754,-0.01616837839553154,-0.09208490049129699,0.09556643892313006,0.09486933872771286,0.0011548945472344386,43.61395947030008,0.09713695870077063,0.010640488184165178
32875,3.5,-2.5,6.5,6.5,0.5,5.5,0.0177020002156496,-0.0103131514042615,-0.0961295589804649,0.014926486014712127,-0.008281913462408532,-0.09508221359042772,0.09828842258018367,0.09660236755174242,0.0035953218245465585,43.610255716868345,0.09713695870077063,0.033125084436469374
32879,3.5,-1.5,6.5,6.5,1.5,5.5,0.0183376632630825,-0.0057395547628402,-0.0969407483935356,0.016739409223177112,-0.0060460275612544065,-0.09489555458761088,0.09882672250927185,0.0965501349087751,0.0026136486481611407,43.61395953479984,0.09713695870077063,0.024080551445077085
32883,3.5,-0.5,6.5,6.5,2.5,5.5,0.0186843555420637,-0.0018668507691472,-0.0970243290066719,0.016359665982583874,-0.0007376817577548385,-0.09510314930433315,0.09882464618207053,0.0965028074878639,0.003220269500045255,43.61025604888047,0.0971369587007706,0.02966958294773501
32887,3.5,0.5,6.5,6.5,3.5,5.5,0.0186843555420637,0.0018668507691472,-0.0970243290066719,0.016358502664808997,0.0006654279454730364,-0.0950953122315052,0.09882464618207053,0.09649436155647978,0.003251786297829812,43.6139595700212,0.09713695870077063,0.02995995934204075
32891,3.5,1.5,6.5,6.5,4.5,5.5,0.0183376632630825,0.0057395547628402,-0.0969407483935356,0.016739296514869374,0.005973112308706029,-0.09490234205468984,0.09882672250927185,0.09655224826968291,0.002600850974444877,43.610256018254205,0.09713695870077063,0.02396264154907074
32895,3.5,2.5,6.5,6.5,5.5,5.5,0.0177020002156496,0.0103131514042615,-0.0961295589804649,0.014923833817597619,0.008208536158738181,-0.0950740904428317,0.09828842258018367,0.09658769877793096,0.003641651781937402,43.61395972985203,0.09713695870077063,0.033551940174398553
32899,3.5,3.5,6.5,6.5,6.5,5.5,0.0168843436986207,0.0168843436986207,-0.0925353020429611,0.016098512321808665,0.016092003481408844,-0.09209255885309071,0.09556643892313006,0.09486387126367486,0.0012005646608035058,43.61025601825422,0.09713695870077063,0.011061264526875276
33003,3.5,-3.5,5.5,6.5,-0.5,4.5,0.0220856610685586,-0.0220856610685586,-0.0782263427972793,0.020907704396084265,-0.020921746740423745,-0.07452305874244491,0.08423130983849142,0.08017816332465073,0.0040566724388660024,43.61395827569225,0.09713696235493469,0.0373756853005731
33007,3.5,-2.5,5.5,6.5,0.5,4.5,0.0231766831129789,-0.0153320040553808,-0.0807550102472305,0.022027001328689524,-0.01404955044697678,-0.07672778710870554,0.08540257998739827,0.08105388312656633,0.004380066400216574,42.55063080863077,0.10046894038390004,0.040355238397278996
33011,3.5,-1.5,5.5,6.5,1.5,4.5,0.0243834238499403,-0.00881480704993,-0.0818681493401527,0.022060262667759487,-0.008035816864911368,-0.07792397604527956,0.08587575943393384,0.08138412366280194,0.004643318486463912,43.61395835026856,0.09713696235493469,0.04278068123955351
33015,3.5,-0.5,5.5,6.5,2.5,4.5,0.025046145543456,-0.0028706500306725,-0.0820991396903991,0.023027289306624406,-0.0027190706199618515,-0.07786499635701137,0.08588258715296276,0.08124412012893434,0.004693263959167114,42.550630893386014,0.10046894038390004,0.04324084811229838
33019,3.5,0.5,5.5,6.5,3.5,4.5,0.025046145543456,0.0028706500306725,-0.0820991396903991,0.023041602789245365,0.002682974887242745,-0.07789018360214256,0.08588258715296276,0.0812711173475449,0.004665696621705225,43.61395982621506,0.09713695870077053,0.04298685961678201
33023,3.5,1.5,5.5,6.5,4.5,4.5,0.0243834238499403,0.00881480704993,-0.0818681493401527,0.02207448462094402,0.008007773865316117,-0.07788650220175994,0.08587575943393384,0.08134933643726351,0.004672902402034224,42.55062941199451,0.10046894597444839,0.04305324924571567
33027,3.5,2.5,5.5,6.5,5.5,4.5,0.0231766831129789,0.0153320040553808,-0.0807550102472305,0.02205284596116651,0.014019281414682965,-0.07673410379796876,0.08540257998739827,0.08106164908295696,0.004376521375351567,43.61395978629182,0.09713695870077053,0.04032257671809884
33031,3.5,3.5,5.5,6.5,6.5,4.5,0.0220856610685586,0.0220856610685586,-0.0782263427972793,0.020895392950242557,0.020888620764588132,-0.0745230659009948,0.08423130983849142,0.08016632257547955,0.004069877572281978,42.5506294119945,0.10046894597444839,0.03749734927969525
33135,3.5,-3.5,4.5,6.5,-0.5,3.5,0.0243950504809618,-0.0243950504809618,-0.0652902051806449,0.023077312843955863,-0.023131642067582312,-0.06443861984084244,0.0738447551859173,0.07224936650125845,0.002014405840427034,43.613964934242325,0.09713695870077063,0.018559496704270192
33139,3.5,-2.5,4.5,6.5,0.5,3.5,0.0255102310329675,-0.0177179221063852,-0.0661589503288269,0.02383022014667707,-0.01635073902157736,-0.06516097050766939,0.0730869575214039,0.07128238307107995,0.002384866849297173,43.61026039217138,0.09713695870077063,0.021972696634095856
33143,3.5,-1.5,4.5,6.5,1.5,3.5,0.0269872061908245,-0.0105243884027004,-0.0666312575340271,0.024926578994961274,-0.010312377510701121,-0.06548487106652656,0.07265532691966098,0.07082335637990385,0.002367558867594603,43.61396499874216,0.09713695870077063,0.02181323153380687
33147,3.5,-0.5,4.5,6.5,2.5,3.5,0.0278571918606758,-0.0034580235369503,-0.0667645707726478,0.025287430243822212,-0.002830291590873589,-0.06578170894168181,0.072425748015471,0.07053153840739393,0.002822009840937669,43.610260724183924,0.0971369587007706,0.02600026334871911
33151,3.5,0.5,4.5,6.5,3.5,3.5,0.0278571918606758,0.0034580235369503,-0.0667645707726478,0.025284078836211796,0.002773248534050295,-0.06577239722738552,0.072425748015471,0.07051938589540024,0.0028415199779662508,43.61396503396364,0.09713695870077063,0.026180017754020603
33155,3.5,1.5,4.5,6.5,4.5,3.5,0.0269872061908245,0.0105243884027004,-0.0666312575340271,0.024929620296129,0.01025556403249379,-0.06549210952469088,0.07265532691966098,0.07082287040023055,0.002367189143951438,43.61026069355663,0.09713695870077063,0.021809825127511225
33159,3.5,2.5,4.5,6.5,5.5,3.5,0.0255102310329675,0.0177179221063852,-0.0661589503288269,0.0238267096238796,0.016295876091851458,-0.0651519574675485,0.0730869575214039,0.07126040436985255,0.002422910197463846,43.613965193793526,0.09713695870077063,0.022323204650280464
33163,3.5,3.5,4.5,6.5,6.5,3.5,0.0243950504809618,0.0243950504809618,-0.0652902051806449,0.023080432441727115,0.023075531677848236,-0.0644446951264549,0.0738447551859173,0.0722378381034083,0.002045540933980029,43.61026069355663,0.09713695870077063,0.018846356310505973
33267,3.5,-3.5,3.5,6.5,-0.5,2.5,0.0243950504809618,-0.0243950504809618,-0.0526709966361522,0.02306806682416332,-0.023066235986384406,-0.04880917813622292,0.0629640442044736,0.05870709343782215,0.004294214213660666,43.61396371585363,0.09713696235493477,0.03956424914304759
33271,3.5,-2.5,3.5,6.5,0.5,2.5,0.0255102310329675,-0.0177179221063852,-0.0518022514879703,0.023813699078786357,-0.016304207188164138,-0.04800952345618896,0.06040008203923429,0.056016370628057754,0.00438880353452036,42.550636931260705,0.10046894038390004,0.04043573698006781
33275,3.5,-1.5,3.5,6.5,1.5,2.5,0.0269872061908245,-0.0105243884027004,-0.0513299480080604,0.02492144479606361,-0.01026174979224195,-0.047634390497539945,0.0589392535730404,0.05473040359429069,0.004241873936522885,43.61396379042998,0.09713696235493477,0.03908201801486872
33279,3.5,-0.5,3.5,6.5,2.5,2.5,0.0278571918606758,-0.0034580235369503,-0.0511966310441494,0.025277326371566374,-0.002821966328223195,-0.047300921570491254,0.05838729395523795,0.053705529546500846,0.004715594025976087,42.55063701601611,0.10046894038390004,0.043446583616549794
33283,3.5,0.5,3.5,6.5,3.5,2.5,0.0278571918606758,0.0034580235369503,-0.0511966310441494,0.025279531187942846,0.0027886297923964774,-0.047308950492685936,0.05838729395523795,0.053711897657042665,0.004712375473073973,43.6139652663769,0.0971369587007706,0.04341692984927982
33287,3.5,1.5,3.5,6.5,4.5,2.5,0.0269872061908245,0.0105243884027004,-0.0513299480080604,0.024907200106951896,0.010229936427470675,-0.04761788358522821,0.0589392535730404,0.05470359269384582,0.004265272506408025,42.55063553462377,0.10046894597444839,0.03929759804941421
33291,3.5,2.5,3.5,6.5,5.5,2.5,0.0255102310329675,0.0177179221063852,-0.0518022514879703,0.02381584392654461,0.016284943248051208,-0.04802247667032001,0.06040008203923429,0.056022781652442157,0.004383043890607027,43.61396522645272,0.0971369587007706,0.040382671162802
33295,3.5,3.5,3.5,6.5,6.5,2.5,0.0243950504809618,0.0243950504809618,-0.0526709966361522,0.023044980190782344,0.02303866139712884,-0.04879634055077189,0.0629640442044736,0.05867651900131781,0.004321509101591843,42.55063553462379,0.10046894597444839,0.03981572745612413
33399,3.5,-3.5,2.5,6.5,-0.5,1.5,0.0220856610685586,-0.0220856610685586,-0.0397348664700984,0.020771692077813538,-0.02080958475248583,-0.03872395889802472,0.05054119570278329,0.04862146647399994,0.002092084939087643,43.61396601723958,0.09713695870077059,0.01927518415247409
33403,3.5,-2.5,2.5,6.5,0.5,1.5,0.0231766831129789,-0.0153320040553808,-0.0372061915695667,0.021927361166680853,-0.013934518170406418,-0.03645462305931525,0.04643845044340897,0.044765159519119434,0.0020195611775349004,43.61026145298021,0.09713695870077059,0.018606994810234066
33407,3.5,-1.5,2.5,6.5,1.5,1.5,0.0243834238499403,-0.00881480704993,-0.0360930524766445,0.0219359795034613,-0.007955224419153863,-0.03519435157038896,0.04444052901412344,0.04222694844285478,0.0027452740204119102,43.61396608173945,0.09713695870077059,0.025293266685203982
33411,3.5,-0.5,2.5,6.5,2.5,1.5,0.025046145543456,-0.0028706500306725,-0.0358620658516883,0.022931412549647437,-0.002684417100906312,-0.03520901180894201,0.04383648942756946,0.042103803738569555,0.0022210938570846367,43.61026178499269,0.09713695870077058,0.020463792992031014
33415,3.5,0.5,2.5,6.5,3.5,1.5,0.025046145543456,0.0028706500306725,-0.0358620658516883,0.022927618768022146,0.002646279653426682,-0.03520042145920719,0.04383648942756946,0.042092139043789584,0.002230755716459626,43.613966116960746,0.09713695870077059,0.020552811422988912
33419,3.5,1.5,2.5,6.5,4.5,1.5,0.0243834238499403,0.00881480704993,-0.0360930524766445,0.021940913345732796,0.007918014916645262,-0.035201732394570764,0.04444052901412344,0.04222867038214849,0.002750371826170658,43.610261754365254,0.09713695870077059,0.025340234732694568
33423,3.5,2.5,2.5,6.5,5.5,1.5,0.0231766831129789,0.0153320040553808,-0.0372061915695667,0.02192381738694413,0.013896556066936077,-0.03644547672518039,0.04643845044340897,0.04474417071600766,0.002051553199279101,43.61396627679081,0.09713695870077059,0.018901749625876655
33427,3.5,3.5,2.5,6.5,6.5,1.5,0.0220856610685586,0.0220856610685586,-0.0397348664700984,0.02077605867410153,0.02077112498264619,-0.0387301391720475,0.05054119570278329,0.048611808517690286,0.002110104380399763,43.61026175436527,0.09713695870077059,0.01944120420411085
33531,3.5,-3.5,1.5,6.5,-0.5,0.5,0.0168843436986207,-0.0168843436986207,-0.0254259016364812,0.01595404620482639,-0.015934460769668687,-0.02109915010416797,0.034880346877494244,0.030880621195890103,0.004526423513995271,43.61396253234681,0.09713696640714244,0.04170368284492138
33535,3.5,-2.5,1.5,6.5,0.5,0.5,0.0177020002156496,-0.0103131514042615,-0.0218316428363323,0.014779465336345138,-0.008047247255987723,-0.018110081787124564,0.029938980150553875,0.024721768673854432,0.005246479617123816,42.550638347026414,0.10046893684418842,0.0483378369983222
33539,3.5,-1.5,1.5,6.5,1.5,0.5,0.0183376632630825,-0.0057395547628402,-0.0210204552859067,0.01663462383530396,-0.005828360613037975,-0.018243232993523196,0.028479324487295166,0.025367223885038113,0.0032590172495569132,43.61396260692306,0.09713696640714244,0.030026580884757993
33543,3.5,-0.5,1.5,6.5,2.5,0.5,0.0186843555420637,-0.0018668507691472,-0.0209368783980608,0.016239423501980762,-0.0006797139803619007,-0.01804038499573038,0.028123711541539052,0.024282429399999462,0.00397198444932193,42.55063843178175,0.10046893684418842,0.03659542224171437
33547,3.5,0.5,1.5,6.5,3.5,0.5,0.0186843555420637,0.0018668507691472,-0.0209368783980608,0.01623736812856456,0.0006445843277564995,-0.01802787899533564,0.028123711541539052,0.024270806203514902,0.003992988878099764,43.61396408286974,0.09713696275297844,0.036788944132315454
33551,3.5,1.5,1.5,6.5,4.5,0.5,0.0183376632630825,0.0057395547628402,-0.0210204552859067,0.016601413223752748,0.005788838301591478,-0.018255926008257053,0.028479324487295166,0.025345540126947806,0.0032649066132504467,42.5506369503894,0.10046894243473696,0.03008084186031057
33555,3.5,2.5,1.5,6.5,5.5,0.5,0.0177020002156496,0.0103131514042615,-0.0218316428363323,0.014739231077787584,0.008006271870515912,-0.018090862900638972,0.029938980150553875,0.024670319059930078,0.005300295149778707,43.613964042945334,0.09713696275297844,0.048833660223663554
33559,3.5,3.5,1.5,6.5,6.5,0.5,0.0168843436986207,0.0168843436986207,-0.0254259016364812,0.01590484993254343,0.015898185253656653,-0.021115359070611513,0.034880346877494244,0.03084760824467869,0.004529094139950344,42.550636950389396,0.10046894243473696,0.041728288350235544
33663,3.5,-3.5,0.5,6.5,-0.5,-0.5,0.0062592648901045,-0.0062592648901045,-0.0064175119623541,0.0032456170343751456,-0.003269452860299342,-0.007175537591566775,0.010933492292764822,0.008527115084689169,0.004312267643184158,43.61396378339412,0.09713696275297846,0.039730582341163716
33667,3.5,-2.5,0.5,6.5,0.5,-0.5,0.0063440483063459,-0.003489141119644,-0.0055449618957936,0.0056506207001414226,-0.004575514386562244,-0.005970208900441663,0.009119630315525066,0.009407881829265165,0.0013571601729653138,43.610259205862874,0.09713696275297846,0.012504039281367878
33671,3.5,-1.5,0.5,6.5,1.5,-0.5,0.0064374473877251,-0.0019747475162148,-0.0054513737559318,0.004229394171456726,-0.0003182882893673656,-0.006160419978427274,0.008663592352447524,0.007479295207658702,0.002849930301203209,43.613963847893906,0.09713696275297846,0.026257505300604108
33675,3.5,-0.5,0.5,6.5,2.5,-0.5,0.0065143429674208,-0.0006498795119114,-0.0054592634551227,0.005066973680380682,-0.0020577371272317755,-0.006081696399728049,0.008524233991956419,0.008178969095242001,0.002112904088834294,43.61025953787535,0.09713696275297844,0.019466998996014638
33679,3.5,0.5,0.5,6.5,3.5,-0.5,0.0065143429674208,0.0006498795119114,-0.0054592634551227,0.005061189725699355,0.00204223226863763,-0.006074437378553565,0.008524233991956419,0.008166097203962136,0.0021044570556697046,43.61396388311531,0.09713696275297846,0.01938917322673181
33683,3.5,1.5,0.5,6.5,4.5,-0.5,0.0064374473877251,0.0019747475162148,-0.0054513737559318,0.004236733090171275,0.00030392738727772606,-0.00616821276638676,0.008663592352447524,0.0074892675119471,0.0028545825420942324,43.61025950724791,0.09713696275297846,0.026300368187392658
33687,3.5,2.5,0.5,6.5,5.5,-0.5,0.0063440483063459,0.003489141119644,-0.0055449618957936,0.0056469585650549825,0.00455766593259254,-0.005961322735550785,0.009119630315525066,0.00939136989719589,0.0013420267255845018,43.61396404294535,0.09713696275297846,0.012364609003143066
33691,3.5,3.5,0.5,6.5,6.5,-0.5,0.0062592648901045,0.0062592648901045,-0.0064175119623541,0.0032550329318364727,0.003254712378163589,-0.007185299721507452,0.010933492292764822,0.008533283315336851,0.004317666441400391,43.61025950724789,0.09713696275297846,0.039780323548069645
